Epoch Number,Max,Min,Mean,Std Dev
0,0,0,0,0
1,0,0,0,0
2,0,0,0,0
3,0,0,0,0
4,0,0,0,0
5,0,0,0,0
6,0,0,0,0
7,0,0,0,0
8,0,0,0,0
9,0,0,0,0
10,0,0,0,0
11,0,0,0,0
12,0,0,0,0
13,0,0,0,0
14,0,0,0,0
15,1,0,0.004,0.0632456
16,1,0,0.008,0.0892629
17,1,0,0.012,0.109104
18,2,0,0.016,0.1544
19,2,0,0.016,0.1544
20,2,0,0.02,0.166466
21,2,0,0.02,0.166466
22,2,0,0.02,0.166466
23,2,0,0.02,0.166466
24,2,0,0.024,0.177624
25,2,0,0.024,0.177624
26,2,0,0.024,0.177624
27,2,0,0.024,0.177624
28,2,0,0.028,0.188036
29,2,0,0.028,0.188036
30,2,0,0.028,0.188036
31,2,0,0.028,0.188036
32,2,0,0.028,0.188036
33,2,0,0.028,0.188036
34,2,0,0.028,0.188036
35,2,0,0.028,0.188036
36,2,0,0.028,0.188036
37,2,0,0.028,0.188036
38,2,0,0.028,0.188036
39,2,0,0.028,0.188036
40,2,0,0.028,0.188036
41,2,0,0.028,0.188036
42,2,0,0.028,0.188036
43,2,0,0.028,0.188036
44,2,0,0.032,0.197819
45,2,0,0.032,0.197819
46,2,0,0.032,0.197819
47,2,0,0.032,0.197819
48,2,0,0.032,0.197819
49,2,0,0.032,0.197819
50,2,0,0.032,0.197819
51,2,0,0.036,0.207064
52,2,0,0.04,0.215839
53,2,0,0.04,0.215839
54,2,0,0.04,0.215839
55,2,0,0.04,0.215839
56,2,0,0.04,0.215839
57,2,0,0.04,0.215839
58,2,0,0.04,0.215839
59,2,0,0.04,0.215839
60,2,0,0.04,0.215839
61,2,0,0.04,0.215839
62,2,0,0.044,0.224199
63,2,0,0.044,0.224199
64,2,0,0.044,0.224199
65,2,0,0.044,0.224199
66,2,0,0.044,0.224199
67,2,0,0.044,0.224199
68,2,0,0.048,0.232189
69,2,0,0.052,0.239846
70,2,0,0.056,0.262946
71,2,0,0.056,0.262946
72,2,0,0.056,0.262946
73,2,0,0.06,0.269612
74,2,0,0.06,0.269612
75,2,0,0.06,0.269612
76,2,0,0.06,0.269612
77,2,0,0.06,0.269612
78,2,0,0.06,0.269612
79,2,0,0.06,0.269612
80,2,0,0.06,0.269612
81,2,0,0.06,0.269612
82,2,0,0.06,0.269612
83,2,0,0.06,0.269612
84,2,0,0.06,0.269612
85,2,0,0.06,0.269612
86,2,0,0.06,0.269612
87,2,0,0.06,0.269612
88,2,0,0.064,0.276059
89,2,0,0.068,0.282303
90,2,0,0.068,0.282303
91,2,0,0.068,0.282303
92,2,0,0.068,0.282303
93,2,0,0.068,0.282303
94,2,0,0.068,0.282303
95,2,0,0.068,0.282303
96,2,0,0.068,0.282303
97,2,0,0.072,0.288355
98,2,0,0.076,0.294228
99,2,0,0.076,0.294228
100,2,0,0.08,0.299933
101,2,0,0.08,0.299933
102,2,0,0.084,0.305479
103,2,0,0.084,0.305479
104,2,0,0.084,0.305479
105,2,0,0.084,0.305479
106,2,0,0.084,0.305479
107,2,0,0.084,0.305479
108,2,0,0.084,0.305479
109,2,0,0.084,0.305479
110,2,0,0.084,0.305479
111,2,0,0.088,0.310874
112,2,0,0.092,0.316126
113,2,0,0.096,0.33351
114,2,0,0.096,0.33351
115,2,0,0.1,0.338316
116,2,0,0.1,0.338316
117,2,0,0.104,0.343008
118,2,0,0.108,0.347591
119,2,0,0.108,0.347591
120,2,0,0.108,0.347591
121,2,0,0.108,0.347591
122,2,0,0.108,0.347591
123,2,0,0.108,0.347591
124,2,0,0.108,0.347591
125,2,0,0.108,0.347591
126,2,0,0.108,0.347591
127,2,0,0.108,0.347591
128,2,0,0.108,0.347591
129,2,0,0.108,0.347591
130,2,0,0.108,0.347591
131,2,0,0.108,0.347591
132,2,0,0.108,0.347591
133,2,0,0.108,0.347591
134,2,0,0.108,0.347591
135,2,0,0.112,0.352068
136,2,0,0.112,0.352068
137,2,0,0.112,0.352068
138,2,0,0.112,0.352068
139,2,0,0.112,0.352068
140,2,0,0.112,0.352068
141,2,0,0.112,0.352068
142,2,0,0.112,0.352068
143,2,0,0.112,0.352068
144,2,0,0.116,0.356444
145,2,0,0.12,0.360722
146,2,0,0.124,0.364906
147,2,0,0.128,0.379727
148,2,0,0.128,0.379727
149,2,0,0.132,0.38362
150,2,0,0.132,0.38362
151,2,0,0.132,0.38362
152,2,0,0.132,0.38362
153,2,0,0.132,0.38362
154,2,0,0.132,0.38362
155,2,0,0.132,0.38362
156,2,0,0.132,0.38362
157,2,0,0.132,0.38362
158,2,0,0.136,0.387433
159,2,0,0.136,0.387433
160,2,0,0.136,0.387433
161,2,0,0.136,0.387433
162,2,0,0.136,0.387433
163,2,0,0.136,0.387433
164,2,0,0.136,0.387433
165,2,0,0.136,0.387433
166,2,0,0.136,0.387433
167,2,0,0.136,0.387433
168,2,0,0.136,0.387433
169,2,0,0.136,0.387433
170,2,0,0.136,0.387433
171,2,0,0.14,0.391168
172,2,0,0.14,0.391168
173,2,0,0.14,0.391168
174,2,0,0.14,0.391168
175,2,0,0.144,0.394826
176,2,0,0.144,0.394826
177,2,0,0.144,0.394826
178,2,0,0.144,0.394826
179,2,0,0.148,0.39841
180,2,0,0.148,0.39841
181,2,0,0.148,0.39841
182,2,0,0.148,0.39841
183,2,0,0.148,0.39841
184,2,0,0.148,0.39841
185,2,0,0.148,0.39841
186,2,0,0.148,0.39841
187,3,0,0.152,0.421434
188,3,0,0.152,0.421434
189,3,0,0.156,0.424718
190,3,0,0.156,0.424718
191,3,0,0.156,0.424718
192,3,0,0.16,0.42794
193,3,0,0.16,0.42794
194,3,0,0.16,0.42794
195,3,0,0.16,0.42794
196,3,0,0.16,0.42794
197,3,0,0.16,0.42794
198,3,0,0.16,0.42794
199,3,0,0.16,0.42794
200,3,0,0.16,0.42794
201,3,0,0.164,0.4311
202,3,0,0.164,0.4311
203,3,0,0.164,0.4311
204,3,0,0.164,0.4311
205,3,0,0.164,0.4311
206,3,0,0.164,0.4311
207,3,0,0.168,0.434201
208,3,0,0.168,0.434201
209,3,0,0.172,0.446333
210,3,0,0.176,0.449256
211,3,0,0.18,0.460923
212,3,0,0.18,0.460923
213,3,0,0.184,0.463685
214,3,0,0.184,0.463685
215,3,0,0.184,0.463685
216,3,0,0.184,0.463685
217,3,0,0.184,0.463685
218,3,0,0.184,0.463685
219,3,0,0.184,0.463685
220,3,0,0.184,0.463685
221,3,0,0.188,0.466397
222,3,0,0.188,0.466397
223,3,0,0.188,0.466397
224,3,0,0.188,0.466397
225,3,0,0.188,0.466397
226,3,0,0.188,0.466397
227,3,0,0.188,0.466397
228,3,0,0.188,0.466397
229,3,0,0.188,0.466397
230,3,0,0.188,0.466397
231,3,0,0.188,0.466397
232,3,0,0.188,0.466397
233,3,0,0.188,0.466397
234,3,0,0.188,0.466397
235,3,0,0.188,0.466397
236,3,0,0.188,0.466397
237,3,0,0.188,0.466397
238,3,0,0.188,0.466397
239,3,0,0.188,0.466397
240,3,0,0.188,0.466397
241,3,0,0.188,0.466397
242,3,0,0.188,0.466397
243,3,0,0.188,0.466397
244,3,0,0.192,0.469059
245,3,0,0.192,0.469059
246,3,0,0.192,0.469059
247,3,0,0.192,0.469059
248,3,0,0.192,0.469059
249,3,0,0.192,0.469059
250,3,0,0.192,0.469059
251,3,0,0.192,0.469059
252,3,0,0.192,0.469059
253,3,0,0.192,0.469059
254,3,0,0.192,0.469059
255,3,0,0.192,0.469059
256,3,0,0.192,0.469059
257,3,0,0.192,0.469059
258,3,0,0.192,0.469059
259,3,0,0.192,0.469059
260,3,0,0.192,0.469059
261,3,0,0.196,0.471671
262,3,0,0.2,0.474236
263,3,0,0.2,0.474236
264,3,0,0.2,0.474236
265,3,0,0.2,0.474236
266,3,0,0.2,0.474236
267,3,0,0.2,0.474236
268,3,0,0.2,0.474236
269,3,0,0.2,0.474236
270,3,0,0.2,0.474236
271,3,0,0.2,0.474236
272,3,0,0.2,0.474236
273,3,0,0.2,0.474236
274,3,0,0.2,0.474236
275,3,0,0.2,0.474236
276,3,0,0.2,0.474236
277,3,0,0.2,0.474236
278,3,0,0.204,0.476753
279,3,0,0.204,0.476753
280,3,0,0.204,0.476753
281,3,0,0.208,0.479223
282,3,0,0.212,0.489914
283,3,0,0.216,0.492253
284,3,0,0.216,0.492253
285,3,0,0.216,0.492253
286,3,0,0.216,0.492253
287,3,0,0.216,0.492253
288,3,0,0.216,0.492253
289,3,0,0.216,0.492253
290,3,0,0.216,0.492253
291,3,0,0.216,0.492253
292,3,0,0.216,0.492253
293,3,0,0.216,0.492253
294,3,0,0.216,0.492253
295,3,0,0.216,0.492253
296,3,0,0.216,0.492253
297,3,0,0.216,0.492253
298,3,0,0.216,0.492253
299,3,0,0.22,0.510532
300,3,0,0.22,0.510532
301,3,0,0.22,0.510532
302,3,0,0.22,0.510532
303,3,0,0.22,0.510532
304,3,0,0.22,0.510532
305,3,0,0.22,0.510532
306,3,0,0.22,0.510532
307,3,0,0.22,0.510532
308,3,0,0.224,0.512714
309,3,0,0.228,0.514856
310,3,0,0.232,0.516957
311,3,0,0.232,0.516957
312,3,0,0.232,0.516957
313,3,0,0.236,0.51902
314,3,0,0.236,0.51902
315,3,0,0.236,0.51902
316,3,0,0.236,0.51902
317,3,0,0.236,0.51902
318,3,0,0.236,0.51902
319,3,0,0.236,0.51902
320,3,0,0.236,0.51902
321,3,0,0.236,0.51902
322,3,0,0.236,0.51902
323,3,0,0.24,0.521043
324,3,0,0.24,0.521043
325,3,0,0.24,0.521043
326,3,0,0.24,0.521043
327,3,0,0.24,0.521043
328,3,0,0.24,0.521043
329,3,0,0.244,0.523028
330,3,0,0.244,0.523028
331,3,0,0.244,0.523028
332,3,0,0.244,0.523028
333,3,0,0.244,0.523028
334,3,0,0.244,0.523028
335,3,0,0.244,0.523028
336,3,0,0.244,0.523028
337,3,0,0.248,0.524975
338,3,0,0.252,0.534452
339,3,0,0.252,0.534452
340,3,0,0.252,0.534452
341,3,0,0.252,0.534452
342,3,0,0.252,0.534452
343,3,0,0.252,0.534452
344,3,0,0.252,0.534452
345,3,0,0.252,0.534452
346,3,0,0.252,0.534452
347,3,0,0.252,0.534452
348,3,0,0.252,0.534452
349,3,0,0.252,0.534452
350,3,0,0.252,0.534452
351,3,0,0.252,0.534452
352,3,0,0.252,0.534452
353,3,0,0.252,0.534452
354,3,0,0.252,0.534452
355,3,0,0.256,0.536297
356,3,0,0.256,0.536297
357,3,0,0.256,0.536297
358,3,0,0.256,0.536297
359,3,0,0.256,0.536297
360,3,0,0.256,0.536297
361,3,0,0.256,0.536297
362,3,0,0.256,0.536297
363,3,0,0.256,0.536297
364,3,0,0.256,0.536297
365,3,0,0.26,0.545518
366,3,0,0.26,0.545518
367,3,0,0.26,0.545518
368,3,0,0.26,0.545518
369,3,0,0.26,0.545518
370,3,0,0.26,0.545518
371,3,0,0.26,0.545518
372,3,0,0.26,0.545518
373,3,0,0.2,,0.545518
374,3,0,0.26,0.545518
375,3,0,0.264,0.547268
376,3,0,0.264,0.547268
377,3,0,0.268,0.548982
378,3,0,0.268,0.548982
379,3,0,0.272,0.557908
380,3,0,0.272,0.557908
381,3,0,0.272,0.557908
382,3,0,0.272,0.557908
383,3,0,0.272,0.557908
384,3,0,0.272,0.557908
385,3,0,0.272,0.557908
386,3,0,0.272,0.557908
387,3,0,0.276,0.559532
388,3,0,0.276,0.559532
389,3,0,0.276,0.559532
390,3,0,0.276,0.559532
391,3,0,0.276,0.559532
392,3,0,0.276,0.559532
393,3,0,0.28,0.568235
394,3,0,0.28,0.568235
395,3,0,0.28,0.568235
396,3,0,0.28,0.568235
397,3,0,0.28,0.568235
398,3,0,0.28,0.568235
399,3,0,0.28,0.568235
400,3,0,0.28,0.568235
401,3,0,0.28,0.568235
402,3,0,0.284,0.569774
403,3,0,0.284,0.569774
404,3,0,0.284,0.569774
405,3,0,0.284,0.569774
406,3,0,0.284,0.569774
407,3,0,0.284,0.569774
408,3,0,0.284,0.569774
409,3,0,0.284,0.569774
410,3,0,0.284,0.569774
411,3,0,0.284,0.569774
412,3,0,0.288,0.578268
413,3,0,0.288,0.578268
414,3,0,0.288,0.578268
415,3,0,0.288,0.578268
416,3,0,0.292,0.579724
417,3,0,0.296,0.58115
418,3,0,0.3,0.589398
419,3,0,0.304,0.590745
420,3,0,0.308,0.592063
421,3,0,0.308,0.592063
422,3,0,0.308,0.592063
423,3,0,0.308,0.592063
424,3,0,0.308,0.592063
425,3,0,0.312,0.59335
426,3,0,0.312,0.59335
427,3,0,0.312,0.59335
428,3,0,0.312,0.59335
429,3,0,0.312,0.59335
430,3,0,0.312,0.59335
431,3,0,0.312,0.59335
432,3,0,0.312,0.59335
433,3,0,0.312,0.59335
434,3,0,0.312,0.59335
435,3,0,0.312,0.59335
436,3,0,0.312,0.59335
437,3,0,0.312,0.59335
438,3,0,0.312,0.59335
439,3,0,0.312,0.59335
440,3,0,0.316,0.594608
441,3,0,0.32,0.595836
442,3,0,0.324,0.603723
443,3,0,0.324,0.603723
444,3,0,0.324,0.603723
445,3,0,0.324,0.603723
446,3,0,0.324,0.603723
447,3,0,0.324,0.603723
448,3,0,0.324,0.603723
449,3,0,0.324,0.603723
450,3,0,0.328,0.60488
451,3,0,0.328,0.60488
452,3,0,0.328,0.60488
453,3,0,0.328,0.60488
454,3,0,0.328,0.60488
455,3,0,0.328,0.60488
456,3,0,0.332,0.606007
457,3,0,0.332,0.606007
458,3,0,0.332,0.606007
459,3,0,0.336,0.607107
460,3,0,0.336,0.607107
461,3,0,0.336,0.607107
462,3,0,0.336,0.607107
463,3,0,0.336,0.607107
464,3,0,0.336,0.607107
465,3,0,0.336,0.607107
466,3,0,0.336,0.607107
467,3,0,0.336,0.607107
468,3,0,0.336,0.607107
469,3,0,0.336,0.607107
470,3,0,0.336,0.607107
471,3,0,0.336,0.607107
472,3,0,0.336,0.607107
473,3,0,0.336,0.607107
474,3,0,0.336,0.607107
475,3,0,0.34,0.608177
476,3,0,0.34,0.608177
477,3,0,0.34,0.608177
478,3,0,0.34,0.608177
479,3,0,0.34,0.608177
480,3,0,0.34,0.608177
481,3,0,0.34,0.608177
482,3,0,0.34,0.608177
483,3,0,0.34,0.608177
484,3,0,0.34,0.608177
485,3,0,0.34,0.608177
486,3,0,0.34,0.608177
487,3,0,0.34,0.608177
488,3,0,0.34,0.608177
489,3,0,0.34,0.608177
490,3,0,0.34,0.608177
491,3,0,0.34,0.608177
492,3,0,0.34,0.608177
493,3,0,0.34,0.608177
494,3,0,0.34,0.608177
495,3,0,0.34,0.608177
496,3,0,0.34,0.608177
497,3,0,0.34,0.608177
498,3,0,0.344,0.60922
499,3,0,0.344,0.60922
500,3,0,0.348,0.610234
501,3,0,0.352,0.61122
502,3,0,0.356,0.618704
503,3,0,0.36,0.619625
504,3,0,0.36,0.619625
505,3,0,0.36,0.619625
506,3,0,0.36,0.619625
507,3,0,0.36,0.619625
508,3,0,0.36,0.619625
509,3,0,0.36,0.619625
510,3,0,0.36,0.619625
511,3,0,0.36,0.619625
512,3,0,0.36,0.619625
513,3,0,0.36,0.619625
514,3,0,0.36,0.619625
515,3,0,0.36,0.619625
516,3,0,0.36,0.619625
517,3,0,0.364,0.620519
518,3,0,0.364,0.620519
519,3,0,0.364,0.620519
520,3,0,0.364,0.620519
521,3,0,0.364,0.620519
522,3,0,0.364,0.620519
523,3,0,0.368,0.627816
524,3,0,0.368,0.627816
525,3,0,0.368,0.627816
526,3,0,0.368,0.627816
527,3,0,0.368,0.627816
528,3,0,0.368,0.627816
529,3,0,0.372,0.628647
530,3,0,0.372,0.628647
531,3,0,0.372,0.628647
532,3,0,0.372,0.628647
533,3,0,0.372,0.628647
534,3,0,0.372,0.628647
535,3,0,0.372,0.628647
536,3,0,0.372,0.628647
537,3,0,0.376,0.635799
538,3,0,0.376,0.635799
539,3,0,0.376,0.635799
540,3,0,0.376,0.635799
541,3,0,0.38,0.642848
542,3,0,0.38,0.642848
543,3,0,0.384,0.643584
544,3,0,0.384,0.643584
545,3,0,0.384,0.643584
546,3,0,0.384,0.643584
547,3,0,0.384,0.643584
548,3,0,0.388,0.644295
549,3,0,0.388,0.644295
550,3,0,0.388,0.644295
551,3,0,0.388,0.644295
552,3,0,0.388,0.644295
553,3,0,0.388,0.644295
554,3,0,0.388,0.644295
555,3,0,0.388,0.644295
556,3,0,0.388,0.644295
557,3,0,0.388,0.644295
558,3,0,0.388,0.644295
559,3,0,0.388,0.644295
560,3,0,0.388,0.644295
561,3,0,0.388,0.644295
562,3,0,0.388,0.644295
563,3,0,0.388,0.644295
564,3,0,0.388,0.644295
565,3,0,0.388,0.644295
566,3,0,0.388,0.644295
567,3,0,0.388,0.644295
568,3,0,0.388,0.644295
569,3,0,0.388,0.644295
570,3,0,0.388,0.644295
571,3,0,0.388,0.644295
572,3,0,0.388,0.644295
573,3,0,0.388,0.644295
574,3,0,0.392,0.651177
575,3,0,0.396,0.664039
576,4,0,0.4,0.682542
577,4,0,0.4,0.682542
578,4,0,0.404,0.683118
579,4,0,0.404,0.683118
580,4,0,0.404,0.683118
581,4,0,0.404,0.683118
582,4,0,0.404,0.683118
583,4,0,0.404,0.683118
584,4,0,0.404,0.683118
585,4,0,0.404,0.683118
586,4,0,0.404,0.683118
587,4,0,0.404,0.683118
588,4,0,0.404,0.683118
589,4,0,0.404,0.683118
590,4,0,0.408,0.683671
591,4,0,0.408,0.683671
592,4,0,0.408,0.683671
593,4,0,0.408,0.683671
594,4,0,0.408,0.683671
595,4,0,0.408,0.683671
596,4,0,0.408,0.683671
597,4,0,0.408,0.683671
598,4,0,0.408,0.683671
599,4,0,0.408,0.683671
600,4,0,0.408,0.683671
601,4,0,0.408,0.683671
602,4,0,0.412,0.684199
603,4,0,0.416,0.690544
604,4,0,0.416,0.690544
605,4,0,0.416,0.690544
606,4,0,0.42,0.691021
607,4,0,0.42,0.691021
608,4,0,0.424,0.691474
609,4,0,0.424,0.691474
610,4,0,0.424,0.691474
611,4,0,0.424,0.691474
612,4,0,0.424,0.691474
613,4,0,0.424,0.691474
614,4,0,0.424,0.691474
615,4,0,0.424,0.691474
616,4,0,0.424,0.691474
617,4,0,0.428,0.697684
618,4,0,0.428,0.697684
619,4,0,0.428,0.697684
620,4,0,0.428,0.697684
621,4,0,0.428,0.697684
622,4,0,0.428,0.697684
623,4,0,0.428,0.697684
624,4,0,0.428,0.697684
625,4,0,0.428,0.697684
626,4,0,0.432,0.698087
627,4,0,0.436,0.698466
628,4,0,0.436,0.698466
629,4,0,0.436,0.698466
630,4,0,0.436,0.698466
631,4,0,0.436,0.698466
632,4,0,0.436,0.698466
633,4,0,0.44,0.698823
634,4,0,0.44,0.698823
635,4,0,0.44,0.698823
636,4,0,0.44,0.698823
637,4,0,0.444,0.699156
638,4,0,0.448,0.699466
639,4,0,0.448,0.699466
640,4,0,0.452,0.705469
641,4,0,0.452,0.705469
642,4,0,0.452,0.705469
643,4,0,0.452,0.705469
644,4,0,0.456,0.705731
645,4,0,0.456,0.705731
646,4,0,0.456,0.705731
647,4,0,0.456,0.705731
648,4,0,0.456,0.705731
649,4,0,0.456,0.705731
650,4,0,0.456,0.705731
651,4,0,0.456,0.705731
652,4,0,0.456,0.705731
653,4,0,0.456,0.705731
654,4,0,0.456,0.705731
655,4,0,0.456,0.705731
656,4,0,0.456,0.705731
657,4,0,0.456,0.705731
658,4,0,0.456,0.705731
659,4,0,0.456,0.705731
660,4,0,0.456,0.705731
661,4,0,0.456,0.705731
662,4,0,0.456,0.705731
663,4,0,0.456,0.705731
664,4,0,0.456,0.705731
665,4,0,0.456,0.705731
666,4,0,0.456,0.705731
667,4,0,0.456,0.705731
668,4,0,0.456,0.705731
669,4,0,0.456,0.705731
670,4,0,0.456,0.705731
671,4,0,0.456,0.705731
672,4,0,0.456,0.705731
673,4,0,0.456,0.705731
674,4,0,0.456,0.705731
675,4,0,0.46,0.711636
676,4,0,0.46,0.711636
677,4,0,0.46,0.711636
678,4,0,0.464,0.71185
679,4,0,0.468,0.712042
680,4,0,0.468,0.712042
681,4,0,0.468,0.712042
682,4,0,0.468,0.712042
683,4,0,0.468,0.712042
684,4,0,0.468,0.712042
685,4,0,0.468,0.712042
686,4,0,0.468,0.712042
687,4,0,0.468,0.712042
688,4,0,0.468,0.712042
689,4,0,0.468,0.712042
690,4,0,0.468,0.712042
691,4,0,0.468,0.712042
692,4,0,0.468,0.712042
693,4,0,0.468,0.712042
694,4,0,0.468,0.712042
695,4,0,0.468,0.712042
696,4,0,0.468,0.712042
697,4,0,0.468,0.712042
698,4,0,0.468,0.712042
699,4,0,0.468,0.712042
700,4,0,0.468,0.712042
701,4,0,0.468,0.712042
702,4,0,0.468,0.712042
703,4,0,0.468,0.712042
704,4,0,0.468,0.712042
705,4,0,0.468,0.712042
706,4,0,0.468,0.712042
707,4,0,0.468,0.712042
708,4,0,0.468,0.712042
709,4,0,0.468,0.712042
710,4,0,0.468,0.712042
711,4,0,0.468,0.712042
712,4,0,0.468,0.712042
713,4,0,0.468,0.712042
714,4,0,0.468,0.712042
715,4,0,0.468,0.712042
716,4,0,0.472,0.717828
717,4,0,0.472,0.717828
718,4,0,0.472,0.717828
719,4,0,0.472,0.717828
720,4,0,0.472,0.717828
721,4,0,0.472,0.717828
722,4,0,0.472,0.717828
723,4,0,0.472,0.717828
724,4,0,0.472,0.717828
725,4,0,0.472,0.717828
726,4,0,0.472,0.717828
727,4,0,0.472,0.717828
728,4,0,0.472,0.717828
729,4,0,0.476,0.717973
730,4,0,0.476,0.717973
731,4,0,0.48,0.723668
732,4,0,0.48,0.723668
733,4,0,0.48,0.723668
734,4,0,0.48,0.723668
735,4,0,0.484,0.723767
736,4,0,0.488,0.734858
737,4,0,0.492,0.751128
738,4,0,0.492,0.751128
739,4,0,0.492,0.751128
740,4,0,0.492,0.751128
741,4,0,0.492,0.751128
742,4,0,0.492,0.751128
743,4,0,0.492,0.751128
744,4,0,0.492,0.751128
745,4,0,0.492,0.751128
746,4,0,0.492,0.751128
747,4,0,0.492,0.751128
748,4,0,0.492,0.751128
749,4,0,0.492,0.751128
750,4,0,0.492,0.751128
751,4,0,0.492,0.751128
752,4,0,0.492,0.751128
753,4,0,0.492,0.751128
754,4,0,0.492,0.751128
755,4,0,0.492,0.751128
756,4,0,0.492,0.751128
757,4,0,0.492,0.751128
758,4,0,0.492,0.751128
759,4,0,0.492,0.751128
760,4,0,0.492,0.751128
761,4,0,0.492,0.751128
762,4,0,0.496,0.75116
763,4,0,0.5,0.75117
764,4,0,0.5,0.75117
765,4,0,0.5,0.75117
766,4,0,0.5,0.75117
767,4,0,0.5,0.75117
768,4,0,0.5,0.75117
769,4,0,0.5,0.75117
770,4,0,0.5,0.75117
771,4,0,0.5,0.75117
772,4,0,0.5,0.75117
773,4,0,0.5,0.75117
774,4,0,0.5,0.75117
775,4,0,0.5,0.75117
776,4,0,0.5,0.75117
777,4,0,0.5,0.75117
778,4,0,0.5,0.75117
779,4,0,0.5,0.75117
780,4,0,0.5,0.75117
781,4,0,0.5,0.75117
782,4,0,0.504,0.75116
783,4,0,0.504,0.75116
784,4,0,0.504,0.75116
785,4,0,0.504,0.75116
786,4,0,0.504,0.75116
787,4,0,0.504,0.75116
788,4,0,0.504,0.75116
789,4,0,0.508,0.756455
790,4,0,0.508,0.756455
791,4,0,0.512,0.756402
792,4,0,0.516,0.756328
793,4,0,0.516,0.756328
794,4,0,0.516,0.756328
795,4,0,0.516,0.756328
796,4,0,0.516,0.756328
797,4,0,0.516,0.756328
798,4,0,0.52,0.756232
799,4,0,0.524,0.761409
800,4,0,0.528,0.77175
801,4,0,0.528,0.77175
802,4,0,0.532,0.771594
803,4,0,0.536,0.771417
804,4,0,0.54,0.776409
805,4,0,0.544,0.786472
806,4,0,0.544,0.786472
807,4,0,0.544,0.786472
808,4,0,0.544,0.786472
809,4,0,0.548,0.791329
810,4,0,0.548,0.791329
811,4,0,0.552,0.796135
812,4,0,0.556,0.795863
813,4,0,0.556,0.795863
814,4,0,0.556,0.795863
815,4,0,0.556,0.795863
816,4,0,0.556,0.795863
817,4,0,0.556,0.795863
818,4,0,0.556,0.795863
819,4,0,0.556,0.795863
820,4,0,0.56,0.79557
821,4,0,0.56,0.79557
822,4,0,0.56,0.79557
823,4,0,0.56,0.79557
824,4,0,0.56,0.79557
825,4,0,0.56,0.79557
826,4,0,0.56,0.79557
827,4,0,0.56,0.79557
828,4,0,0.56,0.79557
829,4,0,0.56,0.79557
830,4,0,0.56,0.79557
831,4,0,0.56,0.79557
832,4,0,0.56,0.79557
833,4,0,0.56,0.79557
834,4,0,0.56,0.79557
835,4,0,0.56,0.79557
836,4,0,0.56,0.79557
837,4,0,0.56,0.79557
838,4,0,0.56,0.79557
839,4,0,0.56,0.79557
840,4,0,0.56,0.79557
841,4,0,0.56,0.79557
842,4,0,0.56,0.79557
843,4,0,0.56,0.79557
844,4,0,0.56,0.79557
845,4,0,0.56,0.79557
846,4,0,0.56,0.79557
847,4,0,0.56,0.79557
848,4,0,0.56,0.79557
849,4,0,0.56,0.79557
850,4,0,0.56,0.79557
851,4,0,0.564,0.800291
852,4,0,0.564,0.800291
853,4,0,0.564,0.800291
854,4,0,0.564,0.800291
855,4,0,0.564,0.800291
856,4,0,0.564,0.800291
857,4,0,0.564,0.800291
858,4,0,0.564,0.800291
859,4,0,0.568,0.804965
860,4,0,0.568,0.804965
861,4,0,0.568,0.804965
862,4,0,0.568,0.804965
863,4,0,0.568,0.804965
864,4,0,0.568,0.804965
865,4,0,0.572,0.814537
866,4,0,0.572,0.814537
867,4,0,0.572,0.814537
868,4,0,0.576,0.823978
869,4,0,0.58,0.823598
870,4,0,0.584,0.823198
871,4,0,0.588,0.827645
872,4,0,0.588,0.827645
873,4,0,0.588,0.827645
874,4,0,0.588,0.827645
875,4,0,0.588,0.827645
876,4,0,0.588,0.827645
877,4,0,0.588,0.827645
878,4,0,0.588,0.827645
879,4,0,0.588,0.827645
880,4,0,0.588,0.827645
881,4,0,0.588,0.827645
882,4,0,0.588,0.827645
883,4,0,0.592,0.836862
884,4,0,0.592,0.836862
885,4,0,0.592,0.836862
886,4,0,0.592,0.836862
887,4,0,0.592,0.836862
888,4,0,0.592,0.836862
889,4,0,0.592,0.836862
890,4,0,0.592,0.836862
891,4,0,0.592,0.836862
892,4,0,0.592,0.836862
893,4,0,0.592,0.836862
894,4,0,0.592,0.836862
895,4,0,0.592,0.836862
896,4,0,0.596,0.841198
897,4,0,0.596,0.841198
898,4,0,0.596,0.841198
899,4,0,0.596,0.841198
900,4,0,0.596,0.841198
901,4,0,0.596,0.841198
902,4,0,0.596,0.841198
903,4,0,0.596,0.841198
904,4,0,0.596,0.841198
905,4,0,0.596,0.841198
906,4,0,0.596,0.841198
907,4,0,0.596,0.841198
908,4,0,0.596,0.841198
909,4,0,0.596,0.841198
910,4,0,0.596,0.841198
911,4,0,0.596,0.841198
912,4,0,0.596,0.841198
913,4,0,0.596,0.841198
914,4,0,0.596,0.841198
915,4,0,0.596,0.841198
916,4,0,0.596,0.841198
917,4,0,0.596,0.841198
918,4,0,0.596,0.841198
919,4,0,0.596,0.841198
920,4,0,0.596,0.841198
921,4,0,0.596,0.841198
922,4,0,0.596,0.841198
923,4,0,0.596,0.841198
924,4,0,0.596,0.841198
925,4,0,0.596,0.841198
926,4,0,0.596,0.841198
927,4,0,0.596,0.841198
928,4,0,0.596,0.841198
929,4,0,0.6,0.845494
930,4,0,0.6,0.845494
931,4,0,0.6,0.845494
932,4,0,0.6,0.845494
933,4,0,0.604,0.845009
934,4,0,0.604,0.845009
935,4,0,0.604,0.845009
936,4,0,0.604,0.845009
937,4,0,0.608,0.849247
938,4,0,0.612,0.858138
939,4,0,0.616,0.862275
940,4,0,0.616,0.862275
941,4,0,0.62,0.870996
942,4,0,0.62,0.870996
943,4,0,0.62,0.870996
944,4,0,0.624,0.875035
945,4,0,0.624,0.875035
946,4,0,0.624,0.875035
947,4,0,0.624,0.875035
948,4,0,0.624,0.875035
949,4,0,0.628,0.874457
950,4,0,0.628,0.874457
951,4,0,0.628,0.874457
952,4,0,0.628,0.874457
953,4,0,0.628,0.874457
954,4,0,0.628,0.874457
955,4,0,0.628,0.874457
956,4,0,0.628,0.874457
957,4,0,0.632,0.883003
958,4,0,0.632,0.883003
959,4,0,0.632,0.883003
960,4,0,0.632,0.883003
961,4,0,0.632,0.883003
962,4,0,0.632,0.883003
963,4,0,0.632,0.883003
964,4,0,0.632,0.883003
965,4,0,0.632,0.883003
966,4,0,0.632,0.883003
967,4,0,0.632,0.883003
968,4,0,0.632,0.883003
969,4,0,0.632,0.883003
970,4,0,0.632,0.883003
971,4,0,0.632,0.883003
972,4,0,0.632,0.883003
973,4,0,0.632,0.883003
974,4,0,0.632,0.883003
975,4,0,0.632,0.883003
976,4,0,0.632,0.883003
977,4,0,0.632,0.883003
978,4,0,0.632,0.883003
979,4,0,0.636,0.886933
980,4,0,0.636,0.886933
981,4,0,0.636,0.886933
982,4,0,0.636,0.886933
983,4,0,0.64,0.890828
984,4,0,0.64,0.890828
985,4,0,0.64,0.890828
986,4,0,0.64,0.890828
987,4,0,0.64,0.890828
988,4,0,0.64,0.890828
989,4,0,0.64,0.890828
990,4,0,0.64,0.890828
991,4,0,0.64,0.890828
992,4,0,0.644,0.894688
993,4,0,0.644,0.894688
994,4,0,0.644,0.894688
995,4,0,0.644,0.894688
996,4,0,0.644,0.894688
997,4,0,0.644,0.894688
998,4,0,0.644,0.894688
999,4,0,0.644,0.894688
1000,4,0,0.644,0.894688
1001,4,0,0.644,0.894688
1002,4,0,0.644,0.894688
1003,4,0,0.644,0.894688
1004,4,0,0.644,0.894688
1005,4,0,0.644,0.894688
1006,4,0,0.644,0.894688
1007,4,0,0.644,0.894688
1008,4,0,0.644,0.894688
1009,4,0,0.644,0.894688
1010,4,0,0.644,0.894688
1011,4,0,0.644,0.894688
1012,4,0,0.644,0.894688
1013,4,0,0.644,0.894688
1014,4,0,0.644,0.894688
1015,4,0,0.644,0.894688
1016,4,0,0.644,0.894688
1017,4,0,0.644,0.894688
1018,4,0,0.644,0.894688
1019,4,0,0.644,0.894688
1020,4,0,0.648,0.894032
1021,4,0,0.648,0.894032
1022,4,0,0.652,0.897842
1023,4,0,0.656,0.897153
1024,4,0,0.66,0.900914
1025,4,0,0.66,0.900914
1026,4,0,0.66,0.900914
1027,4,0,0.66,0.900914
1028,4,0,0.66,0.900914
1029,4,0,0.66,0.900914
1030,4,0,0.66,0.900914
1031,4,0,0.66,0.900914
1032,4,0,0.66,0.900914
1033,4,0,0.66,0.900914
1034,4,0,0.66,0.900914
1035,4,0,0.66,0.900914
1036,4,0,0.66,0.900914
1037,4,0,0.66,0.900914
1038,4,0,0.66,0.900914
1039,4,0,0.66,0.900914
1040,4,0,0.66,0.900914
1041,4,0,0.66,0.900914
1042,4,0,0.66,0.900914
1043,4,0,0.664,0.900192
1044,4,0,0.668,0.899451
1045,4,0,0.672,0.898692
1046,4,0,0.676,0.902375
1047,4,0,0.676,0.902375
1048,4,0,0.676,0.902375
1049,4,0,0.676,0.902375
1050,4,0,0.676,0.902375
1051,4,0,0.676,0.902375
1052,4,0,0.676,0.902375
1053,4,0,0.676,0.902375
1054,4,0,0.676,0.902375
1055,4,0,0.676,0.902375
1056,4,0,0.676,0.902375
1057,4,0,0.676,0.902375
1058,4,0,0.676,0.902375
1059,4,0,0.676,0.902375
1060,4,0,0.68,0.901583
1061,4,0,0.68,0.901583
1062,4,0,0.684,0.900772
1063,4,0,0.684,0.900772
1064,4,0,0.684,0.900772
1065,4,0,0.684,0.900772
1066,4,0,0.684,0.900772
1067,4,0,0.684,0.900772
1068,4,0,0.684,0.900772
1069,4,0,0.684,0.900772
1070,4,0,0.684,0.900772
1071,4,0,0.684,0.900772
1072,4,0,0.684,0.900772
1073,4,0,0.684,0.900772
1074,4,0,0.684,0.900772
1075,4,0,0.684,0.900772
1076,4,0,0.684,0.900772
1077,4,0,0.684,0.900772
1078,4,0,0.688,0.904394
1079,4,0,0.688,0.904394
1080,4,0,0.688,0.904394
1081,4,0,0.688,0.904394
1082,4,0,0.688,0.904394
1083,4,0,0.688,0.904394
1084,4,0,0.692,0.907983
1085,4,0,0.692,0.907983
1086,4,0,0.692,0.907983
1087,4,0,0.692,0.907983
1088,4,0,0.696,0.915937
1089,4,0,0.696,0.915937
1090,4,0,0.696,0.915937
1091,4,0,0.696,0.915937
1092,4,0,0.696,0.915937
1093,4,0,0.7,0.915068
1094,4,0,0.7,0.915068
1095,4,0,0.7,0.915068
1096,4,0,0.7,0.915068
1097,4,0,0.7,0.915068
1098,4,0,0.7,0.915068
1099,4,0,0.7,0.915068
1100,4,0,0.7,0.915068
1101,4,0,0.7,0.915068
1102,4,0,0.7,0.915068
1103,4,0,0.7,0.915068
1104,4,0,0.704,0.918564
1105,4,0,0.708,0.917662
1106,4,0,0.708,0.917662
1107,4,0,0.712,0.916743
1108,4,0,0.716,0.92018
1109,4,0,0.72,0.927925
1110,4,0,0.72,0.927925
1111,4,0,0.724,0.926963
1112,4,0,0.724,0.926963
1113,4,0,0.724,0.926963
1114,4,0,0.724,0.926963
1115,4,0,0.724,0.926963
1116,4,0,0.724,0.926963
1117,4,0,0.724,0.926963
1118,4,0,0.728,0.925984
1119,4,0,0.728,0.925984
1120,4,0,0.728,0.925984
1121,4,0,0.728,0.925984
1122,4,0,0.728,0.925984
1123,4,0,0.728,0.925984
1124,4,0,0.728,0.925984
1125,4,0,0.728,0.925984
1126,4,0,0.728,0.925984
1127,4,0,0.728,0.925984
1128,4,0,0.728,0.925984
1129,4,0,0.732,0.933629
1130,4,0,0.732,0.933629
1131,4,0,0.732,0.933629
1132,4,0,0.732,0.933629
1133,4,0,0.732,0.933629
1134,4,0,0.736,0.932622
1135,4,0,0.736,0.932622
1136,4,0,0.736,0.932622
1137,4,0,0.736,0.932622
1138,4,0,0.736,0.932622
1139,4,0,0.736,0.932622
1140,4,0,0.74,0.935897
1141,4,0,0.744,0.943411
1142,4,0,0.744,0.943411
1143,4,0,0.744,0.943411
1144,4,0,0.744,0.943411
1145,4,0,0.744,0.943411
1146,4,0,0.744,0.943411
1147,4,0,0.744,0.943411
1148,4,0,0.744,0.943411
1149,4,0,0.744,0.943411
1150,4,0,0.744,0.943411
1151,4,0,0.744,0.943411
1152,4,0,0.744,0.943411
1153,4,0,0.744,0.943411
1154,4,0,0.744,0.943411
1155,4,0,0.744,0.943411
1156,4,0,0.744,0.943411
1157,4,0,0.744,0.943411
1158,4,0,0.744,0.943411
1159,4,0,0.744,0.943411
1160,4,0,0.744,0.943411
1161,4,0,0.744,0.943411
1162,4,0,0.744,0.943411
1163,4,0,0.748,0.950848
1164,4,0,0.748,0.950848
1165,4,0,0.748,0.950848
1166,4,0,0.752,0.954011
1167,4,0,0.756,0.952941
1168,4,0,0.756,0.952941
1169,4,0,0.756,0.952941
1170,4,0,0.756,0.952941
1171,4,0,0.756,0.952941
1172,4,0,0.76,0.951853
1173,4,0,0.76,0.951853
1174,4,0,0.76,0.951853
1175,4,0,0.76,0.951853
1176,4,0,0.76,0.951853
1177,4,0,0.764,0.954962
1178,4,0,0.768,0.966391
1179,5,0,0.772,0.98177
1180,5,0,0.772,0.98177
1181,5,0,0.772,0.98177
1182,5,0,0.772,0.98177
1183,5,0,0.772,0.98177
1184,5,0,0.772,0.98177
1185,5,0,0.772,0.98177
1186,5,0,0.776,0.984735
1187,5,0,0.776,0.984735
1188,5,0,0.776,0.984735
1189,5,0,0.776,0.984735
1190,5,0,0.776,0.984735
1191,5,0,0.776,0.984735
1192,5,0,0.776,0.984735
1193,5,0,0.776,0.984735
1194,5,0,0.776,0.984735
1195,5,0,0.776,0.984735
1196,5,0,0.776,0.984735
1197,5,0,0.776,0.984735
1198,5,0,0.776,0.984735
1199,5,0,0.776,0.984735
1200,5,0,0.776,0.984735
1201,5,0,0.776,0.984735
1202,5,0,0.78,0.991733
1203,5,0,0.78,0.991733
1204,5,0,0.78,0.991733
1205,5,0,0.78,0.991733
1206,5,0,0.78,0.991733
1207,5,0,0.78,0.991733
1208,5,0,0.78,0.991733
1209,5,0,0.78,0.991733
1210,5,0,0.78,0.991733
1211,5,0,0.78,0.991733
1212,5,0,0.78,0.991733
1213,5,0,0.78,0.991733
1214,5,0,0.78,0.991733
1215,5,0,0.78,0.991733
1216,5,0,0.78,0.991733
1217,5,0,0.78,0.991733
1218,5,0,0.78,0.991733
1219,5,0,0.78,0.991733
1220,5,0,0.78,0.991733
1221,5,0,0.78,0.991733
1222,5,0,0.78,0.991733
1223,5,0,0.78,0.991733
1224,5,0,0.784,0.99059
1225,5,0,0.788,0.993481
1226,5,0,0.788,0.993481
1227,5,0,0.788,0.993481
1228,5,0,0.788,0.993481
1229,5,0,0.788,0.993481
1230,5,0,0.788,0.993481
1231,5,0,0.788,0.993481
1232,5,0,0.788,0.993481
1233,5,0,0.788,0.993481
1234,5,0,0.788,0.993481
1235,5,0,0.792,0.992308
1236,5,0,0.796,0.991117
1237,5,0,0.796,0.991117
1238,5,0,0.796,0.991117
1239,5,0,0.8,0.989909
1240,5,0,0.8,0.989909
1241,5,0,0.8,0.989909
1242,5,0,0.8,0.989909
1243,5,0,0.8,0.989909
1244,5,0,0.8,0.989909
1245,5,0,0.804,0.988683
1246,5,0,0.804,0.988683
1247,5,0,0.804,0.988683
1248,5,0,0.804,0.988683
1249,5,0,0.804,0.988683
1250,5,0,0.804,0.988683
1251,5,0,0.804,0.988683
1252,5,0,0.804,0.988683
1253,5,0,0.804,0.988683
1254,5,0,0.804,0.988683
1255,5,0,0.804,0.988683
1256,5,0,0.804,0.988683
1257,5,0,0.804,0.988683
1258,5,0,0.808,0.991498
1259,5,0,0.812,0.990242
1260,5,0,0.816,0.99302
1261,5,0,0.82,0.995774
1262,5,0,0.824,1.00252
1263,5,0,0.824,1.00252
1264,5,0,0.828,1.00121
1265,5,0,0.828,1.00121
1266,5,0,0.828,1.00121
1267,5,0,0.828,1.00121
1268,5,0,0.828,1.00121
1269,5,0,0.828,1.00121
1270,5,0,0.828,1.00121
1271,5,0,0.828,1.00121
1272,5,0,0.828,1.00121
1273,5,0,0.828,1.00121
1274,5,0,0.828,1.00121
1275,5,0,0.828,1.00121
1276,5,0,0.828,1.00121
1277,5,0,0.832,1.0039
1278,5,0,0.836,1.00656
1279,5,0,0.836,1.00656
1280,5,0,0.836,1.00656
1281,5,0,0.836,1.00656
1282,5,0,0.836,1.00656
1283,5,0,0.836,1.00656
1284,5,0,0.836,1.00656
1285,5,0,0.836,1.00656
1286,5,0,0.84,1.01317
1287,5,0,0.84,1.01317
1288,5,0,0.84,1.01317
1289,5,0,0.84,1.01317
1290,5,0,0.844,1.01577
1291,5,0,0.848,1.02621
1292,5,0,0.848,1.02621
1293,5,0,0.848,1.02621
1294,5,0,0.852,1.02875
1295,5,0,0.856,1.02737
1296,5,0,0.86,1.02597
1297,5,0,0.86,1.02597
1298,5,0,0.86,1.02597
1299,5,0,0.86,1.02597
1300,5,0,0.86,1.02597
1301,5,0,0.86,1.02597
1302,5,0,0.86,1.02597
1303,5,0,0.86,1.02597
1304,5,0,0.86,1.02597
1305,5,0,0.864,1.02455
1306,5,0,0.868,1.02703
1307,5,0,0.868,1.02703
1308,5,0,0.868,1.02703
1309,5,0,0.868,1.02703
1310,5,0,0.868,1.02703
1311,5,0,0.868,1.02703
1312,5,0,0.868,1.02703
1313,5,0,0.868,1.02703
1314,5,0,0.868,1.02703
1315,5,0,0.872,1.02558
1316,5,0,0.872,1.02558
1317,5,0,0.872,1.02558
1318,5,0,0.872,1.02558
1319,5,0,0.876,1.02803
1320,5,0,0.88,1.03823
1321,5,0,0.884,1.05213
1322,5,0,0.884,1.05213
1323,5,0,0.888,1.05065
1324,5,0,0.888,1.05065
1325,5,0,0.888,1.05065
1326,5,0,0.888,1.05065
1327,5,0,0.888,1.05065
1328,5,0,0.888,1.05065
1329,5,0,0.888,1.05065
1330,5,0,0.888,1.05065
1331,5,0,0.888,1.05065
1332,5,0,0.888,1.05065
1333,5,0,0.888,1.05065
1334,5,0,0.888,1.05065
1335,5,0,0.888,1.05065
1336,5,0,0.888,1.05065
1337,5,0,0.888,1.05065
1338,5,0,0.888,1.05065
1339,5,0,0.888,1.05065
1340,5,0,0.892,1.05679
1341,5,0,0.892,1.05679
1342,5,0,0.892,1.05679
1343,5,0,0.892,1.05679
1344,5,0,0.896,1.05529
1345,5,0,0.896,1.05529
1346,5,0,0.896,1.05529
1347,5,0,0.896,1.05529
1348,5,0,0.896,1.05529
1349,5,0,0.896,1.05529
1350,5,0,0.896,1.05529
1351,5,0,0.896,1.05529
1352,5,0,0.896,1.05529
1353,5,0,0.896,1.05529
1354,5,0,0.896,1.05529
1355,5,0,0.896,1.05529
1356,5,0,0.896,1.05529
1357,5,0,0.896,1.05529
1358,5,0,0.896,1.05529
1359,5,0,0.896,1.05529
1360,5,0,0.9,1.05378
1361,5,0,0.9,1.05378
1362,5,0,0.904,1.05605
1363,5,0,0.904,1.05605
1364,5,0,0.904,1.05605
1365,5,0,0.904,1.05605
1366,5,0,0.904,1.05605
1367,5,0,0.904,1.05605
1368,5,0,0.908,1.06587
1369,5,0,0.908,1.06587
1370,5,0,0.908,1.06587
1371,5,0,0.912,1.06432
1372,5,0,0.912,1.06432
1373,5,0,0.912,1.06432
1374,5,0,0.912,1.06432
1375,5,0,0.912,1.06432
1376,5,0,0.912,1.06432
1377,5,0,0.912,1.06432
1378,5,0,0.912,1.06432
1379,5,0,0.912,1.06432
1380,5,0,0.912,1.06432
1381,5,0,0.912,1.06432
1382,5,0,0.912,1.06432
1383,5,0,0.912,1.06432
1384,5,0,0.912,1.06432
1385,5,0,0.912,1.06432
1386,5,0,0.912,1.06432
1387,5,0,0.912,1.06432
1388,5,0,0.912,1.06432
1389,5,0,0.912,1.06432
1390,5,0,0.912,1.06432
1391,5,0,0.912,1.06432
1392,5,0,0.912,1.06432
1393,5,0,0.912,1.06432
1394,5,0,0.916,1.06276
1395,5,0,0.916,1.06276
1396,5,0,0.916,1.06276
1397,5,0,0.916,1.06276
1398,5,0,0.916,1.06276
1399,5,0,0.916,1.06276
1400,5,0,0.92,1.06872
1401,5,0,0.92,1.06872
1402,5,0,0.92,1.06872
1403,5,0,0.92,1.06872
1404,5,0,0.92,1.06872
1405,5,0,0.92,1.06872
1406,5,0,0.924,1.07089
1407,5,0,0.928,1.07304
1408,5,0,0.932,1.0789
1409,5,0,0.932,1.0789
1410,5,0,0.932,1.0789
1411,5,0,0.932,1.0789
1412,5,0,0.932,1.0789
1413,5,0,0.932,1.0789
1414,5,0,0.932,1.0789
1415,5,0,0.936,1.07729
1416,5,0,0.936,1.07729
1417,5,0,0.94,1.0868
1418,5,0,0.94,1.0868
1419,5,0,0.94,1.0868
1420,5,0,0.94,1.0868
1421,5,0,0.94,1.0868
1422,5,0,0.94,1.0868
1423,5,0,0.94,1.0868
1424,5,0,0.94,1.0868
1425,5,0,0.94,1.0868
1426,5,0,0.944,1.08886
1427,5,0,0.944,1.08886
1428,5,0,0.944,1.08886
1429,5,0,0.944,1.08886
1430,5,0,0.944,1.08886
1431,5,0,0.944,1.08886
1432,5,0,0.948,1.08721
1433,5,0,0.952,1.08924
1434,5,0,0.952,1.08924
1435,5,0,0.952,1.08924
1436,5,0,0.952,1.08924
1437,5,0,0.952,1.08924
1438,5,0,0.952,1.08924
1439,5,0,0.952,1.08924
1440,5,0,0.952,1.08924
1441,5,0,0.952,1.08924
1442,5,0,0.952,1.08924
1443,5,0,0.952,1.08924
1444,5,0,0.952,1.08924
1445,5,0,0.952,1.08924
1446,5,0,0.952,1.08924
1447,5,0,0.956,1.08756
1448,5,0,0.96,1.08956
1449,5,0,0.96,1.08956
1450,5,0,0.96,1.08956
1451,5,0,0.96,1.08956
1452,5,0,0.96,1.08956
1453,5,0,0.96,1.08956
1454,5,0,0.964,1.09154
1455,5,0,0.964,1.09154
1456,5,0,0.964,1.09154
1457,5,0,0.964,1.09154
1458,5,0,0.968,1.09351
1459,5,0,0.968,1.09351
1460,5,0,0.968,1.09351
1461,5,0,0.968,1.09351
1462,5,0,0.968,1.09351
1463,5,0,0.972,1.09911
1464,5,0,0.972,1.09911
1465,5,0,0.976,1.09738
1466,5,0,0.976,1.09738
1467,5,0,0.98,1.09929
1468,5,0,0.98,1.09929
1469,5,0,0.98,1.09929
1470,5,0,0.98,1.09929
1471,5,0,0.98,1.09929
1472,5,0,0.98,1.09929
1473,5,0,0.98,1.09929
1474,5,0,0.98,1.09929
1475,5,0,0.98,1.09929
1476,5,0,0.98,1.09929
1477,5,0,0.98,1.09929
1478,5,0,0.984,1.09753
1479,5,0,0.988,1.09575
1480,5,0,0.988,1.09575
1481,5,0,0.988,1.09575
1482,5,0,0.988,1.09575
1483,5,0,0.988,1.09575
1484,5,0,0.988,1.09575
1485,5,0,0.992,1.10127
1486,5,0,0.992,1.10127
1487,5,0,0.992,1.10127
1488,5,0,0.992,1.10127
1489,5,0,0.992,1.10127
1490,5,0,0.992,1.10127
1491,5,0,0.992,1.10127
1492,5,0,0.992,1.10127
1493,5,0,0.992,1.10127
1494,5,0,0.992,1.10127
1495,5,0,0.992,1.10127
1496,5,0,0.992,1.10127
1497,5,0,0.992,1.10127
1498,5,0,0.992,1.10127
1499,5,0,0.992,1.10127
1500,5,0,0.992,1.10127
1501,5,0,0.992,1.10127
1502,5,0,0.996,1.10311
1503,5,0,1,1.1013
1504,5,0,1.004,1.10311
1505,5,0,1.008,1.10854
1506,5,0,1.008,1.10854
1507,5,0,1.008,1.10854
1508,5,0,1.008,1.10854
1509,5,0,1.008,1.10854
1510,5,0,1.008,1.10854
1511,5,0,1.008,1.10854
1512,5,0,1.012,1.10669
1513,5,0,1.012,1.10669
1514,5,0,1.012,1.10669
1515,5,0,1.012,1.10669
1516,5,0,1.012,1.10669
1517,5,0,1.012,1.10669
1518,5,0,1.012,1.10669
1519,5,0,1.012,1.10669
1520,5,0,1.016,1.10482
1521,5,0,1.02,1.10657
1522,5,0,1.024,1.1083
1523,5,0,1.028,1.11363
1524,5,0,1.032,1.11172
1525,5,0,1.032,1.11172
1526,5,0,1.032,1.11172
1527,5,0,1.032,1.11172
1528,5,0,1.032,1.11172
1529,5,0,1.032,1.11172
1530,5,0,1.032,1.11172
1531,5,0,1.036,1.1134
1532,5,0,1.036,1.1134
1533,5,0,1.04,1.11146
1534,5,0,1.044,1.11311
1535,5,0,1.044,1.11311
1536,5,0,1.044,1.11311
1537,5,0,1.044,1.11311
1538,5,0,1.044,1.11311
1539,5,0,1.044,1.11311
1540,5,0,1.044,1.11311
1541,5,0,1.044,1.11311
1542,5,0,1.044,1.11311
1543,5,0,1.044,1.11311
1544,5,0,1.044,1.11311
1545,5,0,1.044,1.11311
1546,5,0,1.044,1.11311
1547,5,0,1.044,1.11311
1548,5,0,1.044,1.11311
1549,5,0,1.044,1.11311
1550,5,0,1.048,1.11114
1551,5,0,1.048,1.11114
1552,5,0,1.048,1.11114
1553,5,0,1.048,1.11114
1554,5,0,1.048,1.11114
1555,5,0,1.048,1.11114
1556,5,0,1.048,1.11114
1557,5,0,1.052,1.11277
1558,5,0,1.052,1.11277
1559,5,0,1.052,1.11277
1560,5,0,1.052,1.11277
1561,5,0,1.052,1.11277
1562,5,0,1.056,1.11437
1563,5,0,1.056,1.11437
1564,5,0,1.056,1.11437
1565,5,0,1.056,1.11437
1566,5,0,1.056,1.11437
1567,5,0,1.056,1.11437
1568,5,0,1.056,1.11437
1569,5,0,1.056,1.11437
1570,5,0,1.056,1.11437
1571,5,0,1.056,1.11437
1572,5,0,1.056,1.11437
1573,5,0,1.056,1.11437
1574,5,0,1.056,1.11437
1575,5,0,1.06,1.11956
1576,5,0,1.064,1.12113
1577,5,0,1.068,1.12268
1578,5,0,1.068,1.12268
1579,5,0,1.068,1.12268
1580,5,0,1.072,1.12422
1581,5,0,1.072,1.12422
1582,5,0,1.072,1.12422
1583,5,0,1.072,1.12422
1584,5,0,1.072,1.12422
1585,5,0,1.072,1.12422
1586,5,0,1.072,1.12422
1587,5,0,1.072,1.12422
1588,5,0,1.072,1.12422
1589,5,0,1.072,1.12422
1590,5,0,1.076,1.12574
1591,5,0,1.076,1.12574
1592,5,0,1.076,1.12574
1593,5,0,1.076,1.12574
1594,5,0,1.076,1.12574
1595,5,0,1.076,1.12574
1596,5,0,1.076,1.12574
1597,5,0,1.076,1.12574
1598,5,0,1.076,1.12574
1599,5,0,1.076,1.12574
1600,5,0,1.076,1.12574
1601,5,0,1.08,1.12725
1602,5,0,1.08,1.12725
1603,5,0,1.08,1.12725
1604,5,0,1.08,1.12725
1605,5,0,1.08,1.12725
1606,5,0,1.08,1.12725
1607,5,0,1.08,1.12725
1608,5,0,1.08,1.12725
1609,5,0,1.084,1.12873
1610,5,0,1.088,1.13375
1611,5,0,1.088,1.13375
1612,5,0,1.088,1.13375
1613,5,0,1.088,1.13375
1614,5,0,1.092,1.13521
1615,5,0,1.092,1.13521
1616,5,0,1.092,1.13521
1617,5,0,1.092,1.13521
1618,5,0,1.092,1.13521
1619,5,0,1.092,1.13521
1620,5,0,1.092,1.13521
1621,5,0,1.092,1.13521
1622,5,0,1.092,1.13521
1623,5,0,1.092,1.13521
1624,5,0,1.092,1.13521
1625,5,0,1.092,1.13521
1626,5,0,1.092,1.13521
1627,5,0,1.096,1.1331
1628,5,0,1.096,1.1331
1629,5,0,1.096,1.1331
1630,5,0,1.1,1.13098
1631,5,0,1.1,1.13098
1632,5,0,1.1,1.13098
1633,5,0,1.1,1.13098
1634,5,0,1.1,1.13098
1635,5,0,1.1,1.13098
1636,5,0,1.1,1.13098
1637,5,0,1.1,1.13098
1638,5,0,1.104,1.12884
1639,5,0,1.104,1.12884
1640,5,0,1.108,1.12668
1641,5,0,1.108,1.12668
1642,5,0,1.108,1.12668
1643,5,0,1.108,1.12668
1644,5,0,1.108,1.12668
1645,5,0,1.108,1.12668
1646,5,0,1.108,1.12668
1647,5,0,1.108,1.12668
1648,5,0,1.108,1.12668
1649,5,0,1.108,1.12668
1650,5,0,1.108,1.12668
1651,5,0,1.108,1.12668
1652,5,0,1.108,1.12668
1653,5,0,1.112,1.12807
1654,5,0,1.116,1.12945
1655,5,0,1.12,1.13435
1656,5,0,1.124,1.13214
1657,5,0,1.128,1.13347
1658,5,0,1.132,1.13124
1659,5,0,1.132,1.13124
1660,5,0,1.132,1.13124
1661,5,0,1.132,1.13124
1662,5,0,1.132,1.13124
1663,5,0,1.132,1.13124
1664,5,0,1.132,1.13124
1665,5,0,1.132,1.13124
1666,5,0,1.132,1.13124
1667,5,0,1.132,1.13124
1668,5,0,1.132,1.13124
1669,5,0,1.132,1.13124
1670,5,0,1.132,1.13124
1671,5,0,1.136,1.13253
1672,5,0,1.14,1.13382
1673,5,0,1.14,1.13382
1674,5,0,1.14,1.13382
1675,5,0,1.14,1.13382
1676,5,0,1.14,1.13382
1677,5,0,1.14,1.13382
1678,5,0,1.14,1.13382
1679,5,0,1.14,1.13382
1680,5,0,1.14,1.13382
1681,5,0,1.14,1.13382
1682,5,0,1.14,1.13382
1683,5,0,1.14,1.13382
1684,5,0,1.14,1.13382
1685,5,0,1.144,1.13862
1686,5,0,1.144,1.13862
1687,5,0,1.148,1.14689
1688,5,0,1.148,1.14689
1689,5,0,1.148,1.14689
1690,5,0,1.148,1.14689
1691,5,0,1.148,1.14689
1692,5,0,1.148,1.14689
1693,5,0,1.148,1.14689
1694,5,0,1.148,1.14689
1695,5,0,1.152,1.15161
1696,5,0,1.152,1.15161
1697,5,0,1.152,1.15161
1698,5,0,1.152,1.15161
1699,5,0,1.152,1.15161
1700,5,0,1.152,1.15161
1701,5,0,1.152,1.15161
1702,5,0,1.152,1.15161
1703,5,0,1.152,1.15161
1704,5,0,1.152,1.15161
1705,5,0,1.152,1.15161
1706,5,0,1.152,1.15161
1707,5,0,1.156,1.15629
1708,5,0,1.156,1.15629
1709,5,0,1.156,1.15629
1710,5,0,1.16,1.15748
1711,5,0,1.164,1.15865
1712,5,0,1.164,1.15865
1713,5,0,1.164,1.15865
1714,5,0,1.164,1.15865
1715,5,0,1.164,1.15865
1716,5,0,1.164,1.15865
1717,5,0,1.164,1.15865
1718,5,0,1.168,1.15981
1719,5,0,1.172,1.15749
1720,5,0,1.176,1.15862
1721,5,0,1.176,1.15862
1722,5,0,1.176,1.15862
1723,5,0,1.176,1.15862
1724,5,0,1.176,1.15862
1725,5,0,1.176,1.15862
1726,5,0,1.176,1.15862
1727,5,0,1.176,1.15862
1728,5,0,1.176,1.15862
1729,5,0,1.176,1.15862
1730,5,0,1.18,1.15626
1731,5,0,1.184,1.15389
1732,5,0,1.184,1.15389
1733,5,0,1.188,1.15846
1734,5,0,1.188,1.15846
1735,5,0,1.188,1.15846
1736,5,0,1.188,1.15846
1737,5,0,1.188,1.15846
1738,5,0,1.188,1.15846
1739,5,0,1.188,1.15846
1740,5,0,1.188,1.15846
1741,5,0,1.192,1.16299
1742,5,0,1.192,1.16299
1743,5,0,1.192,1.16299
1744,5,0,1.192,1.16299
1745,5,0,1.192,1.16299
1746,5,0,1.192,1.16299
1747,5,0,1.192,1.16299
1748,5,0,1.192,1.16299
1749,5,0,1.196,1.17093
1750,5,0,1.2,1.17538
1751,5,0,1.204,1.18321
1752,5,0,1.204,1.18321
1753,5,0,1.204,1.18321
1754,5,0,1.204,1.18321
1755,5,0,1.204,1.18321
1756,5,0,1.204,1.18321
1757,5,0,1.204,1.18321
1758,5,0,1.204,1.18321
1759,5,0,1.208,1.19097
1760,5,0,1.208,1.19097
1761,5,0,1.208,1.19097
1762,5,0,1.208,1.19097
1763,5,0,1.208,1.19097
1764,5,0,1.212,1.18857
1765,5,0,1.212,1.18857
1766,5,0,1.212,1.18857
1767,5,0,1.212,1.18857
1768,5,0,1.212,1.18857
1769,5,0,1.212,1.18857
1770,5,0,1.212,1.18857
1771,5,0,1.212,1.18857
1772,5,0,1.212,1.18857
1773,5,0,1.212,1.18857
1774,5,0,1.212,1.18857
1775,5,0,1.212,1.18857
1776,5,0,1.212,1.18857
1777,5,0,1.212,1.18857
1778,5,0,1.216,1.18954
1779,5,0,1.216,1.18954
1780,5,0,1.22,1.19386
1781,5,0,1.22,1.19386
1782,5,0,1.22,1.19386
1783,5,0,1.22,1.19386
1784,5,0,1.224,1.19479
1785,5,0,1.228,1.19235
1786,5,0,1.232,1.19326
1787,5,0,1.232,1.19326
1788,5,0,1.232,1.19326
1789,5,0,1.232,1.19326
1790,5,0,1.236,1.19416
1791,5,0,1.236,1.19416
1792,5,0,1.236,1.19416
1793,5,0,1.236,1.19416
1794,5,0,1.24,1.20174
1795,5,0,1.244,1.20926
1796,5,0,1.248,1.22002
1797,5,0,1.248,1.22002
1798,5,0,1.248,1.22002
1799,5,0,1.248,1.22002
1800,5,0,1.252,1.22413
1801,5,0,1.256,1.22821
1802,5,0,1.26,1.23552
1803,5,0,1.264,1.23304
1804,5,0,1.264,1.23304
1805,5,0,1.264,1.23304
1806,5,0,1.264,1.23304
1807,5,0,1.264,1.23304
1808,5,0,1.264,1.23304
1809,5,0,1.264,1.23304
1810,5,0,1.264,1.23304
1811,5,0,1.264,1.23304
1812,5,0,1.264,1.23304
1813,5,0,1.264,1.23304
1814,5,0,1.264,1.23304
1815,5,0,1.264,1.23304
1816,5,0,1.268,1.2338
1817,5,0,1.272,1.23455
1818,5,0,1.272,1.23455
1819,5,0,1.272,1.23455
1820,5,0,1.272,1.23455
1821,5,0,1.276,1.23528
1822,5,0,1.276,1.23528
1823,5,0,1.276,1.23528
1824,5,0,1.276,1.23528
1825,5,0,1.28,1.23601
1826,5,0,1.284,1.23346
1827,5,0,1.284,1.23346
1828,5,0,1.284,1.23346
1829,5,0,1.284,1.23346
1830,5,0,1.284,1.23346
1831,5,0,1.284,1.23346
1832,5,0,1.284,1.23346
1833,5,0,1.284,1.23346
1834,5,0,1.288,1.2309
1835,5,0,1.288,1.2309
1836,5,0,1.292,1.23484
1837,5,0,1.292,1.23484
1838,5,0,1.292,1.23484
1839,5,0,1.292,1.23484
1840,5,0,1.292,1.23484
1841,5,0,1.292,1.23484
1842,5,0,1.292,1.23484
1843,5,0,1.292,1.23484
1844,5,0,1.292,1.23484
1845,5,0,1.292,1.23484
1846,5,0,1.292,1.23484
1847,5,0,1.292,1.23484
1848,5,0,1.292,1.23484
1849,5,0,1.292,1.23484
1850,5,0,1.292,1.23484
1851,5,0,1.292,1.23484
1852,5,0,1.292,1.23484
1853,5,0,1.292,1.23484
1854,5,0,1.292,1.23484
1855,5,0,1.292,1.23484
1856,5,0,1.292,1.23484
1857,5,0,1.292,1.23484
1858,5,0,1.292,1.23484
1859,5,0,1.292,1.23484
1860,5,0,1.292,1.23484
1861,5,0,1.292,1.23484
1862,5,0,1.292,1.23484
1863,5,0,1.292,1.23484
1864,5,0,1.296,1.23226
1865,5,0,1.3,1.23617
1866,5,0,1.3,1.23617
1867,5,0,1.3,1.23617
1868,5,0,1.304,1.23356
1869,5,0,1.304,1.23356
1870,5,0,1.304,1.23356
1871,5,0,1.304,1.23356
1872,5,0,1.304,1.23356
1873,5,0,1.304,1.23356
1874,5,0,1.304,1.23356
1875,5,0,1.304,1.23356
1876,5,0,1.304,1.23356
1877,5,0,1.304,1.23356
1878,5,0,1.304,1.23356
1879,5,0,1.308,1.23419
1880,5,0,1.308,1.23419
1881,5,0,1.308,1.23419
1882,5,0,1.308,1.23419
1883,5,0,1.308,1.23419
1884,5,0,1.308,1.23419
1885,5,0,1.308,1.23419
1886,5,0,1.312,1.23481
1887,5,0,1.312,1.23481
1888,5,0,1.312,1.23481
1889,5,0,1.312,1.23481
1890,5,0,1.312,1.23481
1891,5,0,1.312,1.23481
1892,5,0,1.312,1.23481
1893,5,0,1.312,1.23481
1894,5,0,1.312,1.23481
1895,5,0,1.316,1.23216
1896,5,0,1.316,1.23216
1897,5,0,1.316,1.23216
1898,5,0,1.316,1.23216
1899,5,0,1.316,1.23216
1900,5,0,1.316,1.23216
1901,5,0,1.316,1.23216
1902,5,0,1.316,1.23216
1903,5,0,1.316,1.23216
1904,5,0,1.316,1.23216
1905,5,0,1.316,1.23216
1906,5,0,1.316,1.23216
1907,5,0,1.316,1.23216
1908,5,0,1.32,1.22949
1909,5,0,1.32,1.22949
1910,5,0,1.32,1.22949
1911,5,0,1.32,1.22949
1912,5,0,1.32,1.22949
1913,5,0,1.32,1.22949
1914,5,0,1.324,1.23007
1915,5,0,1.324,1.23007
1916,5,0,1.324,1.23007
1917,5,0,1.324,1.23007
1918,5,0,1.324,1.23007
1919,5,0,1.324,1.23007
1920,5,0,1.324,1.23007
1921,5,0,1.328,1.23064
1922,5,0,1.332,1.22793
1923,5,0,1.332,1.22793
1924,5,0,1.332,1.22793
1925,5,0,1.332,1.22793
1926,5,0,1.332,1.22793
1927,5,0,1.332,1.22793
1928,5,0,1.332,1.22793
1929,5,0,1.332,1.22793
1930,5,0,1.332,1.22793
1931,5,0,1.332,1.22793
1932,5,0,1.332,1.22793
1933,5,0,1.332,1.22793
1934,5,0,1.332,1.22793
1935,5,0,1.332,1.22793
1936,5,0,1.332,1.22793
1937,5,0,1.332,1.22793
1938,5,0,1.332,1.22793
1939,5,0,1.336,1.22847
1940,5,0,1.336,1.22847
1941,5,0,1.336,1.22847
1942,5,0,1.336,1.22847
1943,5,0,1.34,1.23552
1944,5,0,1.34,1.23552
1945,5,0,1.34,1.23552
1946,5,0,1.34,1.23552
1947,5,0,1.34,1.23552
1948,5,0,1.34,1.23552
1949,5,0,1.344,1.24251
1950,5,0,1.348,1.24301
1951,5,0,1.352,1.24026
1952,5,0,1.356,1.24073
1953,5,0,1.36,1.23795
1954,5,0,1.36,1.23795
1955,5,0,1.36,1.23795
1956,5,0,1.36,1.23795
1957,5,0,1.36,1.23795
1958,5,0,1.36,1.23795
1959,5,0,1.36,1.23795
1960,5,0,1.36,1.23795
1961,5,0,1.36,1.23795
1962,5,0,1.36,1.23795
1963,5,0,1.364,1.24164
1964,5,0,1.364,1.24164
1965,5,0,1.364,1.24164
1966,5,0,1.364,1.24164
1967,5,0,1.364,1.24164
1968,5,0,1.364,1.24164
1969,5,0,1.364,1.24164
1970,5,0,1.364,1.24164
1971,5,0,1.364,1.24164
1972,5,0,1.364,1.24164
1973,5,0,1.368,1.23884
1974,5,0,1.368,1.23884
1975,5,0,1.372,1.23926
1976,5,0,1.372,1.23926
1977,5,0,1.372,1.23926
1978,5,0,1.372,1.23926
1979,5,0,1.372,1.23926
1980,5,0,1.372,1.23926
1981,5,0,1.372,1.23926
1982,5,0,1.372,1.23926
1983,5,0,1.372,1.23926
1984,5,0,1.372,1.23926
1985,5,0,1.372,1.23926
1986,5,0,1.372,1.23926
1987,5,0,1.372,1.23926
1988,5,0,1.372,1.23926
1989,5,0,1.372,1.23926
1990,5,0,1.372,1.23926
1991,5,0,1.372,1.23926
1992,5,0,1.376,1.24613
1993,5,0,1.38,1.2433
1994,5,0,1.384,1.24368
1995,5,0,1.384,1.24368
1996,5,0,1.384,1.24368
1997,5,0,1.384,1.24368
1998,5,0,1.384,1.24368
1999,5,0,1.384,1.24368
2000,5,0,1.384,1.24368
2001,5,0,1.384,1.24368
2002,5,0,1.388,1.24404
2003,5,0,1.388,1.24404
2004,5,0,1.388,1.24404
2005,5,0,1.388,1.24404
2006,5,0,1.388,1.24404
2007,5,0,1.388,1.24404
2008,5,0,1.388,1.24404
2009,5,0,1.388,1.24404
2010,5,0,1.392,1.2444
2011,5,0,1.392,1.2444
2012,5,0,1.392,1.2444
2013,5,0,1.392,1.2444
2014,5,0,1.396,1.24796
2015,5,0,1.396,1.24796
2016,5,0,1.396,1.24796
2017,5,0,1.396,1.24796
2018,5,0,1.396,1.24796
2019,5,0,1.396,1.24796
2020,5,0,1.396,1.24796
2021,5,0,1.396,1.24796
2022,5,0,1.396,1.24796
2023,5,0,1.396,1.24796
2024,5,0,1.4,1.24829
2025,5,0,1.4,1.24829
2026,5,0,1.4,1.24829
2027,5,0,1.404,1.24539
2028,5,0,1.404,1.24539
2029,5,0,1.404,1.24539
2030,5,0,1.404,1.24539
2031,5,0,1.404,1.24539
2032,5,0,1.404,1.24539
2033,5,0,1.404,1.24539
2034,5,0,1.404,1.24539
2035,5,0,1.404,1.24539
2036,5,0,1.404,1.24539
2037,5,0,1.404,1.24539
2038,5,0,1.404,1.24539
2039,5,0,1.404,1.24539
2040,5,0,1.404,1.24539
2041,5,0,1.404,1.24539
2042,5,0,1.404,1.24539
2043,5,0,1.404,1.24539
2044,5,0,1.404,1.24539
2045,5,0,1.404,1.24539
2046,5,0,1.404,1.24539
2047,5,0,1.404,1.24539
2048,5,0,1.404,1.24539
2049,5,0,1.404,1.24539
2050,5,0,1.404,1.24539
2051,5,0,1.404,1.24539
2052,5,0,1.404,1.24539
2053,5,0,1.404,1.24539
2054,5,0,1.404,1.24539
2055,5,0,1.404,1.24539
2056,5,0,1.404,1.24539
2057,5,0,1.408,1.24891
2058,5,0,1.412,1.25881
2059,6,0,1.416,1.27178
2060,6,0,1.42,1.26887
2061,6,0,1.42,1.26887
2062,6,0,1.42,1.26887
2063,6,0,1.42,1.26887
2064,6,0,1.424,1.26595
2065,6,0,1.424,1.26595
2066,6,0,1.424,1.26595
2067,6,0,1.424,1.26595
2068,6,0,1.424,1.26595
2069,6,0,1.424,1.26595
2070,6,0,1.424,1.26595
2071,6,0,1.428,1.26301
2072,6,0,1.428,1.26301
2073,6,0,1.428,1.26301
2074,6,0,1.428,1.26301
2075,6,0,1.428,1.26301
2076,6,0,1.428,1.26301
2077,6,0,1.432,1.26958
2078,6,0,1.432,1.26958
2079,6,0,1.432,1.26958
2080,6,0,1.432,1.26958
2081,6,0,1.432,1.26958
2082,6,0,1.436,1.26662
2083,6,0,1.436,1.26662
2084,6,0,1.44,1.26681
2085,6,0,1.44,1.26681
2086,6,0,1.44,1.26681
2087,6,0,1.44,1.26681
2088,6,0,1.444,1.27016
2089,6,0,1.444,1.27016
2090,6,0,1.444,1.27016
2091,6,0,1.444,1.27016
2092,6,0,1.444,1.27016
2093,6,0,1.444,1.27016
2094,6,0,1.444,1.27016
2095,6,0,1.444,1.27016
2096,6,0,1.444,1.27016
2097,6,0,1.448,1.26717
2098,6,0,1.448,1.26717
2099,6,0,1.448,1.26717
2100,6,0,1.448,1.26717
2101,6,0,1.448,1.26717
2102,6,0,1.448,1.26717
2103,6,0,1.448,1.26717
2104,6,0,1.448,1.26717
2105,6,0,1.448,1.26717
2106,6,0,1.448,1.26717
2107,6,0,1.448,1.26717
2108,6,0,1.448,1.26717
2109,6,0,1.448,1.26717
2110,6,0,1.448,1.26717
2111,6,0,1.448,1.26717
2112,6,0,1.448,1.26717
2113,6,0,1.448,1.26717
2114,6,0,1.448,1.26717
2115,6,0,1.448,1.26717
2116,6,0,1.448,1.26717
2117,6,0,1.448,1.26717
2118,6,0,1.448,1.26717
2119,6,0,1.448,1.26717
2120,6,0,1.448,1.26717
2121,6,0,1.448,1.26717
2122,6,0,1.448,1.26717
2123,6,0,1.448,1.26717
2124,6,0,1.448,1.26717
2125,6,0,1.448,1.26717
2126,6,0,1.452,1.27049
2127,6,0,1.452,1.27049
2128,6,0,1.452,1.27049
2129,6,0,1.452,1.27049
2130,6,0,1.452,1.27049
2131,6,0,1.452,1.27049
2132,6,0,1.452,1.27049
2133,6,0,1.452,1.27049
2134,6,0,1.452,1.27049
2135,6,0,1.452,1.27049
2136,6,0,1.452,1.27049
2137,6,0,1.452,1.27049
2138,6,0,1.452,1.27049
2139,6,0,1.452,1.27049
2140,6,0,1.452,1.27049
2141,6,0,1.452,1.27049
2142,6,0,1.452,1.27049
2143,6,0,1.452,1.27049
2144,6,0,1.452,1.27049
2145,6,0,1.452,1.27049
2146,6,0,1.452,1.27049
2147,6,0,1.452,1.27049
2148,6,0,1.452,1.27049
2149,6,0,1.456,1.2738
2150,6,0,1.456,1.2738
2151,6,0,1.456,1.2738
2152,6,0,1.456,1.2738
2153,6,0,1.46,1.28022
2154,6,0,1.46,1.28022
2155,6,0,1.46,1.28022
2156,6,0,1.46,1.28022
2157,6,0,1.46,1.28022
2158,6,0,1.46,1.28022
2159,6,0,1.46,1.28022
2160,6,0,1.46,1.28022
2161,6,0,1.464,1.2772
2162,6,0,1.468,1.28358
2163,6,0,1.468,1.28358
2164,6,0,1.468,1.28358
2165,6,0,1.468,1.28358
2166,6,0,1.468,1.28358
2167,6,0,1.468,1.28358
2168,6,0,1.468,1.28358
2169,6,0,1.468,1.28358
2170,6,0,1.468,1.28358
2171,6,0,1.468,1.28358
2172,6,0,1.468,1.28358
2173,6,0,1.468,1.28358
2174,6,0,1.468,1.28358
2175,6,0,1.468,1.28358
2176,6,0,1.468,1.28358
2177,6,0,1.468,1.28358
2178,6,0,1.468,1.28358
2179,6,0,1.472,1.29302
2180,6,0,1.476,1.2962
2181,6,0,1.48,1.30245
2182,6,0,1.484,1.30251
2183,6,0,1.484,1.30251
2184,6,0,1.484,1.30251
2185,6,0,1.484,1.30251
2186,6,0,1.484,1.30251
2187,6,0,1.484,1.30251
2188,6,0,1.484,1.30251
2189,6,0,1.484,1.30251
2190,6,0,1.484,1.30251
2191,6,0,1.484,1.30251
2192,6,0,1.484,1.30251
2193,6,0,1.484,1.30251
2194,6,0,1.484,1.30251
2195,6,0,1.484,1.30251
2196,6,0,1.484,1.30251
2197,6,0,1.484,1.30251
2198,6,0,1.484,1.30251
2199,6,0,1.484,1.30251
2200,6,0,1.484,1.30251
2201,6,0,1.484,1.30251
2202,6,0,1.484,1.30251
2203,6,0,1.484,1.30251
2204,6,0,1.484,1.30251
2205,6,0,1.484,1.30251
2206,6,0,1.484,1.30251
2207,6,0,1.484,1.30251
2208,6,0,1.484,1.30251
2209,6,0,1.484,1.30251
2210,6,0,1.484,1.30251
2211,6,0,1.484,1.30251
2212,6,0,1.488,1.30255
2213,6,0,1.488,1.30255
2214,6,0,1.492,1.30566
2215,6,0,1.492,1.30566
2216,6,0,1.492,1.30566
2217,6,0,1.492,1.30566
2218,6,0,1.492,1.30566
2219,6,0,1.492,1.30566
2220,6,0,1.492,1.30566
2221,6,0,1.492,1.30566
2222,6,0,1.496,1.31182
2223,6,0,1.496,1.31182
2224,6,0,1.5,1.30876
2225,6,0,1.504,1.30568
2226,6,0,1.508,1.30566
2227,6,0,1.512,1.31177
2228,6,0,1.516,1.32088
2229,6,0,1.516,1.32088
2230,6,0,1.516,1.32088
2231,6,0,1.516,1.32088
2232,6,0,1.516,1.32088
2233,6,0,1.52,1.32386
2234,6,0,1.524,1.32683
2235,6,0,1.528,1.33279
2236,6,0,1.528,1.33279
2237,6,0,1.528,1.33279
2238,6,0,1.528,1.33279
2239,6,0,1.528,1.33279
2240,6,0,1.528,1.33279
2241,6,0,1.532,1.3327
2242,6,0,1.532,1.3327
2243,6,0,1.536,1.32958
2244,6,0,1.54,1.32644
2245,6,0,1.54,1.32644
2246,6,0,1.54,1.32644
2247,6,0,1.54,1.32644
2248,6,0,1.54,1.32644
2249,6,0,1.54,1.32644
2250,6,0,1.54,1.32644
2251,6,0,1.54,1.32644
2252,6,0,1.544,1.32631
2253,6,0,1.548,1.32617
2254,6,0,1.548,1.32617
2255,6,0,1.548,1.32617
2256,6,0,1.548,1.32617
2257,6,0,1.548,1.32617
2258,6,0,1.548,1.32617
2259,6,0,1.548,1.32617
2260,6,0,1.548,1.32617
2261,6,0,1.548,1.32617
2262,6,0,1.548,1.32617
2263,6,0,1.548,1.32617
2264,6,0,1.548,1.32617
2265,6,0,1.548,1.32617
2266,6,0,1.548,1.32617
2267,6,0,1.548,1.32617
2268,6,0,1.552,1.32602
2269,6,0,1.556,1.32586
2270,6,0,1.556,1.32586
2271,6,0,1.556,1.32586
2272,6,0,1.556,1.32586
2273,6,0,1.556,1.32586
2274,6,0,1.556,1.32586
2275,6,0,1.556,1.32586
2276,6,0,1.556,1.32586
2277,6,0,1.556,1.32586
2278,6,0,1.556,1.32586
2279,6,0,1.556,1.32586
2280,6,0,1.556,1.32586
2281,6,0,1.556,1.32586
2282,6,0,1.556,1.32586
2283,6,0,1.556,1.32586
2284,6,0,1.556,1.32586
2285,6,0,1.56,1.32568
2286,6,0,1.56,1.32568
2287,6,0,1.564,1.32549
2288,6,0,1.564,1.32549
2289,6,0,1.564,1.32549
2290,6,0,1.564,1.32549
2291,6,0,1.568,1.32529
2292,6,0,1.568,1.32529
2293,6,0,1.568,1.32529
2294,6,0,1.568,1.32529
2295,6,0,1.568,1.32529
2296,6,0,1.568,1.32529
2297,6,0,1.568,1.32529
2298,6,0,1.568,1.32529
2299,6,0,1.568,1.32529
2300,6,0,1.568,1.32529
2301,6,0,1.568,1.32529
2302,6,0,1.568,1.32529
2303,6,0,1.568,1.32529
2304,6,0,1.568,1.32529
2305,6,0,1.568,1.32529
2306,6,0,1.568,1.32529
2307,6,0,1.568,1.32529
2308,6,0,1.568,1.32529
2309,6,0,1.568,1.32529
2310,6,0,1.568,1.32529
2311,6,0,1.568,1.32529
2312,6,0,1.568,1.32529
2313,6,0,1.568,1.32529
2314,6,0,1.568,1.32529
2315,6,0,1.568,1.32529
2316,6,0,1.568,1.32529
2317,6,0,1.568,1.32529
2318,6,0,1.568,1.32529
2319,6,0,1.568,1.32529
2320,6,0,1.568,1.32529
2321,6,0,1.572,1.32811
2322,6,0,1.572,1.32811
2323,6,0,1.572,1.32811
2324,6,0,1.572,1.32811
2325,6,0,1.576,1.33091
2326,6,0,1.576,1.33091
2327,6,0,1.576,1.33091
2328,6,0,1.576,1.33091
2329,6,0,1.576,1.33091
2330,6,0,1.576,1.33091
2331,6,0,1.576,1.33091
2332,6,0,1.576,1.33091
2333,6,0,1.576,1.33091
2334,6,0,1.576,1.33091
2335,6,0,1.576,1.33091
2336,6,0,1.576,1.33091
2337,6,0,1.576,1.33091
2338,6,0,1.576,1.33091
2339,6,0,1.58,1.32765
2340,6,0,1.58,1.32765
2341,6,0,1.58,1.32765
2342,6,0,1.58,1.32765
2343,6,0,1.58,1.32765
2344,6,0,1.58,1.32765
2345,6,0,1.58,1.32765
2346,6,0,1.58,1.32765
2347,6,0,1.58,1.32765
2348,6,0,1.58,1.32765
2349,6,0,1.58,1.32765
2350,6,0,1.58,1.32765
2351,6,0,1.58,1.32765
2352,6,0,1.58,1.32765
2353,6,0,1.58,1.32765
2354,6,0,1.584,1.33042
2355,6,0,1.588,1.33016
2356,6,0,1.588,1.33016
2357,6,0,1.588,1.33016
2358,6,0,1.588,1.33016
2359,6,0,1.588,1.33016
2360,6,0,1.588,1.33016
2361,6,0,1.588,1.33016
2362,6,0,1.588,1.33016
2363,6,0,1.588,1.33016
2364,6,0,1.588,1.33016
2365,6,0,1.588,1.33016
2366,6,0,1.588,1.33016
2367,6,0,1.588,1.33016
2368,6,0,1.592,1.33291
2369,6,0,1.596,1.33563
2370,6,0,1.6,1.34134
2371,6,0,1.6,1.34134
2372,6,0,1.6,1.34134
2373,6,0,1.6,1.34134
2374,6,0,1.6,1.34134
2375,6,0,1.6,1.34134
2376,6,0,1.6,1.34134
2377,6,0,1.6,1.34134
2378,6,0,1.6,1.34134
2379,6,0,1.6,1.34134
2380,6,0,1.6,1.34134
2381,6,0,1.6,1.34134
2382,6,0,1.6,1.34134
2383,6,0,1.6,1.34134
2384,6,0,1.6,1.34134
2385,6,0,1.6,1.34134
2386,6,0,1.6,1.34134
2387,6,0,1.6,1.34134
2388,6,0,1.604,1.34403
2389,6,0,1.604,1.34403
2390,6,0,1.608,1.3467
2391,6,0,1.608,1.3467
2392,6,0,1.608,1.3467
2393,6,0,1.608,1.3467
2394,6,0,1.608,1.3467
2395,6,0,1.608,1.3467
2396,6,0,1.608,1.3467
2397,6,0,1.612,1.34637
2398,6,0,1.612,1.34637
2399,6,0,1.612,1.34637
2400,6,0,1.612,1.34637
2401,6,0,1.612,1.34637
2402,6,0,1.612,1.34637
2403,6,0,1.612,1.34637
2404,6,0,1.612,1.34637
2405,6,0,1.612,1.34637
2406,6,0,1.612,1.34637
2407,6,0,1.612,1.34637
2408,6,0,1.612,1.34637
2409,6,0,1.612,1.34637
2410,6,0,1.612,1.34637
2411,6,0,1.616,1.34901
2412,6,0,1.62,1.3546
2413,6,0,1.624,1.3572
2414,6,0,1.628,1.35978
2415,6,0,1.628,1.35978
2416,6,0,1.628,1.35978
2417,6,0,1.628,1.35978
2418,6,0,1.628,1.35978
2419,6,0,1.628,1.35978
2420,6,0,1.628,1.35978
2421,6,0,1.628,1.35978
2422,6,0,1.628,1.35978
2423,6,0,1.628,1.35978
2424,6,0,1.628,1.35978
2425,6,0,1.628,1.35978
2426,6,0,1.628,1.35978
2427,6,0,1.628,1.35978
2428,6,0,1.628,1.35978
2429,6,0,1.628,1.35978
2430,6,0,1.632,1.35644
2431,6,0,1.636,1.359
2432,6,0,1.64,1.3645
2433,6,0,1.64,1.3645
2434,6,0,1.64,1.3645
2435,6,0,1.64,1.3645
2436,6,0,1.644,1.36408
2437,6,0,1.644,1.36408
2438,6,0,1.644,1.36408
2439,6,0,1.644,1.36408
2440,6,0,1.644,1.36408
2441,6,0,1.644,1.36408
2442,6,0,1.644,1.36408
2443,6,0,1.644,1.36408
2444,6,0,1.644,1.36408
2445,6,0,1.644,1.36408
2446,6,0,1.644,1.36408
2447,6,0,1.644,1.36408
2448,6,0,1.648,1.36659
2449,6,0,1.648,1.36659
2450,6,0,1.648,1.36659
2451,6,0,1.648,1.36659
2452,6,0,1.648,1.36659
2453,6,0,1.648,1.36659
2454,6,0,1.648,1.36659
2455,6,0,1.648,1.36659
2456,6,0,1.648,1.36659
2457,6,0,1.648,1.36659
2458,6,0,1.648,1.36659
2459,6,0,1.648,1.36659
2460,6,0,1.648,1.36659
2461,6,0,1.648,1.36659
2462,6,0,1.648,1.36659
2463,6,0,1.648,1.36659
2464,6,0,1.648,1.36659
2465,6,0,1.648,1.36659
2466,6,0,1.648,1.36659
2467,6,0,1.652,1.36321
2468,6,0,1.652,1.36321
2469,6,0,1.652,1.36321
2470,6,0,1.652,1.36321
2471,6,0,1.652,1.36321
2472,6,0,1.656,1.36863
2473,6,0,1.66,1.36523
2474,6,0,1.66,1.36523
2475,6,0,1.66,1.36523
2476,6,0,1.66,1.36523
2477,6,0,1.66,1.36523
2478,6,0,1.66,1.36523
2479,6,0,1.664,1.36769
2480,6,0,1.664,1.36769
2481,6,0,1.664,1.36769
2482,6,0,1.664,1.36769
2483,6,0,1.664,1.36769
2484,6,0,1.664,1.36769
2485,6,0,1.664,1.36769
2486,6,0,1.664,1.36769
2487,6,0,1.664,1.36769
2488,6,0,1.664,1.36769
2489,6,0,1.664,1.36769
2490,6,0,1.664,1.36769
2491,6,0,1.664,1.36769
2492,6,0,1.664,1.36769
2493,6,0,1.664,1.36769
2494,6,0,1.664,1.36769
2495,6,0,1.664,1.36769
2496,6,0,1.664,1.36769
2497,6,0,1.664,1.36769
2498,6,0,1.664,1.36769
2499,6,0,1.668,1.36721
2500,6,0,1.672,1.36671
2501,6,0,1.676,1.36325
2502,6,0,1.676,1.36325
2503,6,0,1.676,1.36325
2504,6,0,1.676,1.36325
2505,6,0,1.676,1.36325
2506,6,0,1.676,1.36325
2507,6,0,1.676,1.36325
2508,6,0,1.676,1.36325
2509,6,0,1.68,1.37154
2510,6,0,1.684,1.37685
2511,6,0,1.688,1.38504
2512,6,0,1.692,1.38738
2513,6,0,1.692,1.38738
2514,6,0,1.696,1.38392
2515,6,0,1.7,1.38044
2516,6,0,1.704,1.37986
2517,6,0,1.704,1.37986
2518,6,0,1.704,1.37986
2519,6,0,1.708,1.39085
2520,6,0,1.708,1.39085
2521,6,0,1.708,1.39085
2522,6,0,1.708,1.39085
2523,6,0,1.712,1.39601
2524,6,0,1.712,1.39601
2525,6,0,1.716,1.39252
2526,6,0,1.716,1.39252
2527,6,0,1.716,1.39252
2528,6,0,1.716,1.39252
2529,6,0,1.72,1.389
2530,6,0,1.72,1.389
2531,6,0,1.724,1.39125
2532,6,0,1.724,1.39125
2533,6,0,1.724,1.39125
2534,6,0,1.724,1.39125
2535,6,0,1.724,1.39125
2536,6,0,1.724,1.39125
2537,6,0,1.724,1.39125
2538,6,0,1.724,1.39125
2539,6,0,1.724,1.39125
2540,6,0,1.724,1.39125
2541,6,0,1.724,1.39125
2542,6,0,1.724,1.39125
2543,6,0,1.724,1.39125
2544,6,0,1.724,1.39125
2545,6,0,1.724,1.39125
2546,6,0,1.724,1.39125
2547,6,0,1.728,1.39923
2548,6,0,1.728,1.39923
2549,6,0,1.728,1.39923
2550,6,0,1.728,1.39923
2551,6,0,1.728,1.39923
2552,6,0,1.728,1.39923
2553,6,0,1.732,1.39857
2554,6,0,1.732,1.39857
2555,6,0,1.736,1.40077
2556,6,0,1.736,1.40077
2557,6,0,1.736,1.40077
2558,6,0,1.736,1.40077
2559,6,0,1.736,1.40077
2560,6,0,1.74,1.40581
2561,6,0,1.74,1.40581
2562,6,0,1.74,1.40581
2563,6,0,1.74,1.40581
2564,6,0,1.74,1.40581
2565,6,0,1.744,1.40797
2566,6,0,1.744,1.40797
2567,6,0,1.744,1.40797
2568,6,0,1.744,1.40797
2569,6,0,1.744,1.40797
2570,6,0,1.748,1.41012
2571,6,0,1.748,1.41012
2572,6,0,1.748,1.41012
2573,6,0,1.748,1.41012
2574,6,0,1.748,1.41012
2575,6,0,1.748,1.41012
2576,6,0,1.748,1.41012
2577,6,0,1.748,1.41012
2578,6,0,1.748,1.41012
2579,6,0,1.748,1.41012
2580,6,0,1.748,1.41012
2581,6,0,1.748,1.41012
2582,6,0,1.748,1.41012
2583,6,0,1.748,1.41012
2584,6,0,1.752,1.41226
2585,6,0,1.752,1.41226
2586,6,0,1.752,1.41226
2587,6,0,1.752,1.41226
2588,6,0,1.756,1.41154
2589,6,0,1.756,1.41154
2590,6,0,1.756,1.41154
2591,6,0,1.756,1.41154
2592,6,0,1.756,1.41154
2593,6,0,1.756,1.41154
2594,6,0,1.756,1.41154
2595,6,0,1.76,1.41648
2596,6,0,1.76,1.41648
2597,6,0,1.764,1.42704
2598,6,0,1.768,1.42911
2599,6,0,1.772,1.43396
2600,6,0,1.776,1.43599
2601,6,0,1.78,1.4408
2602,6,0,1.784,1.45113
2603,7,0,1.788,1.46411
2604,7,0,1.788,1.46411
2605,7,0,1.788,1.46411
2606,7,0,1.788,1.46411
2607,7,0,1.788,1.46411
2608,7,0,1.788,1.46411
2609,7,0,1.788,1.46411
2610,7,0,1.792,1.46606
2611,7,0,1.796,1.47345
2612,7,0,1.796,1.47345
2613,7,0,1.796,1.47345
2614,7,0,1.796,1.47345
2615,7,0,1.796,1.47345
2616,7,0,1.796,1.47345
2617,7,0,1.8,1.47264
2618,7,0,1.8,1.47264
2619,7,0,1.8,1.47264
2620,7,0,1.8,1.47264
2621,7,0,1.8,1.47264
2622,7,0,1.804,1.47454
2623,7,0,1.804,1.47454
2624,7,0,1.804,1.47454
2625,7,0,1.808,1.47915
2626,7,0,1.808,1.47915
2627,7,0,1.808,1.47915
2628,7,0,1.808,1.47915
2629,7,0,1.808,1.47915
2630,7,0,1.808,1.47915
2631,7,0,1.808,1.47915
2632,7,0,1.808,1.47915
2633,7,0,1.808,1.47915
2634,7,0,1.812,1.47831
2635,7,0,1.812,1.47831
2636,7,0,1.812,1.47831
2637,7,0,1.812,1.47831
2638,7,0,1.812,1.47831
2639,7,0,1.812,1.47831
2640,7,0,1.812,1.47831
2641,7,0,1.812,1.47831
2642,7,0,1.812,1.47831
2643,7,0,1.812,1.47831
2644,7,0,1.812,1.47831
2645,7,0,1.812,1.47831
2646,7,0,1.812,1.47831
2647,7,0,1.816,1.48017
2648,7,0,1.816,1.48017
2649,7,0,1.816,1.48017
2650,7,0,1.82,1.48202
2651,7,0,1.82,1.48202
2652,7,0,1.82,1.48202
2653,7,0,1.824,1.47843
2654,7,0,1.828,1.47483
2655,7,0,1.832,1.47393
2656,7,0,1.832,1.47393
2657,7,0,1.832,1.47393
2658,7,0,1.832,1.47393
2659,7,0,1.836,1.47302
2660,7,0,1.836,1.47302
2661,7,0,1.84,1.47754
2662,7,0,1.844,1.48475
2663,7,0,1.848,1.4946
2664,7,0,1.852,1.50438
2665,7,0,1.856,1.50876
2666,7,0,1.86,1.51578
2667,7,0,1.86,1.51578
2668,7,0,1.86,1.51578
2669,7,0,1.864,1.51747
2670,7,0,1.864,1.51747
2671,7,0,1.868,1.52179
2672,7,0,1.872,1.52345
2673,7,0,1.872,1.52345
2674,7,0,1.872,1.52345
2675,7,0,1.872,1.52345
2676,7,0,1.872,1.52345
2677,7,0,1.872,1.52345
2678,7,0,1.872,1.52345
2679,7,0,1.872,1.52345
2680,7,0,1.876,1.52773
2681,7,0,1.876,1.52773
2682,7,0,1.876,1.52773
2683,7,0,1.876,1.52773
2684,7,0,1.876,1.52773
2685,7,0,1.876,1.52773
2686,7,0,1.876,1.52773
2687,7,0,1.876,1.52773
2688,7,0,1.876,1.52773
2689,7,0,1.876,1.52773
2690,7,0,1.876,1.52773
2691,7,0,1.88,1.52936
2692,7,0,1.88,1.52936
2693,7,0,1.884,1.53622
2694,7,0,1.884,1.53622
2695,7,0,1.884,1.53622
2696,7,0,1.884,1.53622
2697,7,0,1.884,1.53622
2698,7,0,1.888,1.53783
2699,7,0,1.888,1.53783
2700,7,0,1.888,1.53783
2701,7,0,1.888,1.53783
2702,7,0,1.888,1.53783
2703,7,0,1.892,1.53681
2704,7,0,1.892,1.53681
2705,7,0,1.896,1.5436
2706,7,0,1.896,1.5436
2707,7,0,1.896,1.5436
2708,7,0,1.896,1.5436
2709,7,0,1.896,1.5436
2710,7,0,1.896,1.5436
2711,7,0,1.896,1.5436
2712,7,0,1.896,1.5436
2713,7,0,1.896,1.5436
2714,7,0,1.896,1.5436
2715,7,0,1.896,1.5436
2716,7,0,1.896,1.5436
2717,7,0,1.9,1.54257
2718,7,0,1.904,1.54672
2719,7,0,1.908,1.55344
2720,7,0,1.908,1.55344
2721,7,0,1.908,1.55344
2722,7,0,1.908,1.55344
2723,7,0,1.908,1.55344
2724,7,0,1.908,1.55344
2725,7,0,1.908,1.55344
2726,7,0,1.908,1.55344
2727,7,0,1.908,1.55344
2728,7,0,1.908,1.55344
2729,7,0,1.908,1.55344
2730,7,0,1.908,1.55344
2731,7,0,1.908,1.55344
2732,7,0,1.908,1.55344
2733,7,0,1.908,1.55344
2734,7,0,1.908,1.55344
2735,7,0,1.908,1.55344
2736,7,0,1.908,1.55344
2737,7,0,1.908,1.55344
2738,7,0,1.908,1.55344
2739,7,0,1.908,1.55344
2740,7,0,1.908,1.55344
2741,7,0,1.908,1.55344
2742,7,0,1.908,1.55344
2743,7,0,1.908,1.55344
2744,7,0,1.908,1.55344
2745,7,0,1.908,1.55344
2746,7,0,1.908,1.55344
2747,7,0,1.908,1.55344
2748,7,0,1.908,1.55344
2749,7,0,1.908,1.55344
2750,7,0,1.912,1.55755
2751,7,0,1.916,1.55648
2752,7,0,1.916,1.55648
2753,7,0,1.916,1.55648
2754,7,0,1.916,1.55648
2755,7,0,1.916,1.55648
2756,7,0,1.916,1.55648
2757,7,0,1.92,1.55282
2758,7,0,1.92,1.55282
2759,7,0,1.92,1.55282
2760,7,0,1.92,1.55282
2761,7,0,1.92,1.55282
2762,7,0,1.92,1.55282
2763,7,0,1.92,1.55282
2764,7,0,1.92,1.55282
2765,7,0,1.92,1.55282
2766,7,0,1.92,1.55282
2767,7,0,1.92,1.55282
2768,7,0,1.92,1.55282
2769,7,0,1.924,1.55173
2770,7,0,1.924,1.55173
2771,7,0,1.924,1.55173
2772,7,0,1.924,1.55173
2773,7,0,1.928,1.55321
2774,7,0,1.928,1.55321
2775,7,0,1.928,1.55321
2776,7,0,1.928,1.55321
2777,7,0,1.932,1.55468
2778,7,0,1.932,1.55468
2779,7,0,1.936,1.55615
2780,7,0,1.936,1.55615
2781,7,0,1.936,1.55615
2782,7,0,1.936,1.55615
2783,7,0,1.936,1.55615
2784,7,0,1.936,1.55615
2785,7,0,1.94,1.5576
2786,7,0,1.94,1.5576
2787,7,0,1.94,1.5576
2788,7,0,1.94,1.5576
2789,7,0,1.94,1.5576
2790,7,0,1.94,1.5576
2791,7,0,1.94,1.5576
2792,7,0,1.94,1.5576
2793,7,0,1.94,1.5576
2794,7,0,1.944,1.55903
2795,7,0,1.944,1.55903
2796,7,0,1.944,1.55903
2797,7,0,1.948,1.56046
2798,7,0,1.948,1.56046
2799,7,0,1.948,1.56046
2800,7,0,1.948,1.56046
2801,7,0,1.948,1.56046
2802,7,0,1.948,1.56046
2803,7,0,1.948,1.56046
2804,7,0,1.948,1.56046
2805,7,0,1.948,1.56046
2806,7,0,1.948,1.56046
2807,7,0,1.948,1.56046
2808,7,0,1.948,1.56046
2809,7,0,1.948,1.56046
2810,7,0,1.948,1.56046
2811,7,0,1.948,1.56046
2812,7,0,1.948,1.56046
2813,7,0,1.948,1.56046
2814,7,0,1.948,1.56046
2815,7,0,1.948,1.56046
2816,7,0,1.948,1.56046
2817,7,0,1.948,1.56046
2818,7,0,1.952,1.5593
2819,7,0,1.956,1.55555
2820,7,0,1.96,1.55437
2821,7,0,1.96,1.55437
2822,7,0,1.96,1.55437
2823,7,0,1.96,1.55437
2824,7,0,1.96,1.55437
2825,7,0,1.96,1.55437
2826,7,0,1.964,1.55059
2827,7,0,1.968,1.55456
2828,7,0,1.972,1.5585
2829,7,0,1.972,1.5585
2830,7,0,1.972,1.5585
2831,7,0,1.972,1.5585
2832,7,0,1.972,1.5585
2833,7,0,1.976,1.55986
2834,7,0,1.976,1.55986
2835,7,0,1.98,1.55863
2836,7,0,1.984,1.55738
2837,7,0,1.988,1.55871
2838,7,0,1.988,1.55871
2839,7,0,1.988,1.55871
2840,7,0,1.988,1.55871
2841,7,0,1.988,1.55871
2842,7,0,1.992,1.55745
2843,7,0,1.992,1.55745
2844,7,0,1.992,1.55745
2845,7,0,1.992,1.55745
2846,7,0,1.992,1.55745
2847,7,0,1.996,1.56389
2848,7,0,1.996,1.56389
2849,7,0,2,1.56518
2850,7,0,2,1.56518
2851,7,0,2,1.56518
2852,7,0,2.004,1.56389
2853,7,0,2.004,1.56389
2854,7,0,2.004,1.56389
2855,7,0,2.004,1.56389
2856,7,0,2.008,1.56259
2857,7,0,2.008,1.56259
2858,7,0,2.008,1.56259
2859,7,0,2.008,1.56259
2860,7,0,2.008,1.56259
2861,7,0,2.012,1.55871
2862,7,0,2.012,1.55871
2863,7,0,2.012,1.55871
2864,7,0,2.012,1.55871
2865,7,0,2.012,1.55871
2866,7,0,2.012,1.55871
2867,7,0,2.012,1.55871
2868,7,0,2.012,1.55871
2869,7,0,2.012,1.55871
2870,7,0,2.012,1.55871
2871,7,0,2.012,1.55871
2872,7,0,2.012,1.55871
2873,7,0,2.012,1.55871
2874,7,0,2.016,1.55996
2875,7,0,2.02,1.56377
2876,7,0,2.02,1.56377
2877,7,0,2.02,1.56377
2878,7,0,2.02,1.56377
2879,7,0,2.02,1.56377
2880,7,0,2.02,1.56377
2881,7,0,2.02,1.56377
2882,7,0,2.02,1.56377
2883,7,0,2.02,1.56377
2884,7,0,2.02,1.56377
2885,7,0,2.02,1.56377
2886,7,0,2.02,1.56377
2887,7,0,2.02,1.56377
2888,7,0,2.02,1.56377
2889,7,0,2.02,1.56377
2890,7,0,2.02,1.56377
2891,7,0,2.02,1.56377
2892,7,0,2.02,1.56377
2893,7,0,2.02,1.56377
2894,7,0,2.02,1.56377
2895,7,0,2.02,1.56377
2896,7,0,2.02,1.56377
2897,7,0,2.02,1.56377
2898,7,0,2.02,1.56377
2899,7,0,2.02,1.56377
2900,7,0,2.02,1.56377
2901,7,0,2.02,1.56377
2902,7,0,2.02,1.56377
2903,7,0,2.02,1.56377
2904,7,0,2.02,1.56377
2905,7,0,2.02,1.56377
2906,7,0,2.024,1.56243
2907,7,0,2.024,1.56243
2908,7,0,2.024,1.56243
2909,7,0,2.024,1.56243
2910,7,0,2.024,1.56243
2911,7,0,2.024,1.56243
2912,7,0,2.024,1.56243
2913,7,0,2.024,1.56243
2914,7,0,2.024,1.56243
2915,7,0,2.024,1.56243
2916,7,0,2.024,1.56243
2917,7,0,2.028,1.56365
2918,7,0,2.028,1.56365
2919,7,0,2.028,1.56365
2920,7,0,2.028,1.56365
2921,7,0,2.032,1.57254
2922,7,0,2.036,1.57117
2923,7,0,2.036,1.57117
2924,7,0,2.036,1.57117
2925,7,0,2.036,1.57117
2926,7,0,2.036,1.57117
2927,7,0,2.036,1.57117
2928,7,0,2.036,1.57117
2929,7,0,2.04,1.56723
2930,7,0,2.04,1.56723
2931,7,0,2.044,1.56841
2932,7,0,2.044,1.56841
2933,7,0,2.044,1.56841
2934,7,0,2.044,1.56841
2935,7,0,2.044,1.56841
2936,7,0,2.044,1.56841
2937,7,0,2.044,1.56841
2938,7,0,2.044,1.56841
2939,7,0,2.044,1.56841
2940,7,0,2.044,1.56841
2941,7,0,2.044,1.56841
2942,7,0,2.044,1.56841
2943,7,0,2.044,1.56841
2944,7,0,2.044,1.56841
2945,7,0,2.044,1.56841
2946,7,0,2.044,1.56841
2947,7,0,2.044,1.56841
2948,7,0,2.044,1.56841
2949,7,0,2.044,1.56841
2950,7,0,2.044,1.56841
2951,7,0,2.044,1.56841
2952,7,0,2.044,1.56841
2953,7,0,2.044,1.56841
2954,7,0,2.044,1.56841
2955,7,0,2.044,1.56841
2956,7,0,2.048,1.57723
2957,7,0,2.048,1.57723
2958,7,0,2.048,1.57723
2959,7,0,2.048,1.57723
2960,7,0,2.048,1.57723
2961,7,0,2.048,1.57723
2962,7,0,2.048,1.57723
2963,7,0,2.048,1.57723
2964,7,0,2.048,1.57723
2965,7,0,2.048,1.57723
2966,7,0,2.048,1.57723
2967,7,0,2.048,1.57723
2968,7,0,2.048,1.57723
2969,7,0,2.048,1.57723
2970,7,0,2.048,1.57723
2971,7,0,2.048,1.57723
2972,7,0,2.048,1.57723
2973,7,0,2.048,1.57723
2974,7,0,2.048,1.57723
2975,7,0,2.048,1.57723
2976,7,0,2.048,1.57723
2977,7,0,2.048,1.57723
2978,7,0,2.048,1.57723
2979,7,0,2.052,1.58092
2980,7,0,2.052,1.58092
2981,7,0,2.056,1.58205
2982,7,0,2.056,1.58205
2983,7,0,2.056,1.58205
2984,7,0,2.056,1.58205
2985,7,0,2.056,1.58205
2986,7,0,2.056,1.58205
2987,7,0,2.056,1.58205
2988,7,0,2.056,1.58205
2989,7,0,2.056,1.58205
2990,7,0,2.056,1.58205
2991,7,0,2.056,1.58205
2992,7,0,2.06,1.57809
2993,7,0,2.064,1.58174
2994,7,0,2.064,1.58174
2995,7,0,2.068,1.58031
2996,7,0,2.068,1.58031
2997,7,0,2.068,1.58031
2998,7,0,2.068,1.58031
2999,7,0,2.068,1.58031
3000,7,0,2.068,1.58031
3001,7,0,2.068,1.58031
3002,7,0,2.072,1.5814
3003,7,0,2.072,1.5814
3004,7,0,2.072,1.5814
3005,7,0,2.072,1.5814
3006,7,0,2.072,1.5814
3007,7,0,2.076,1.58755
3008,7,0,2.08,1.59366
3009,7,0,2.084,1.60225
3010,7,0,2.084,1.60225
3011,7,0,2.084,1.60225
3012,7,0,2.084,1.60225
3013,7,0,2.084,1.60225
3014,7,0,2.084,1.60225
3015,7,0,2.084,1.60225
3016,7,0,2.084,1.60225
3017,7,0,2.084,1.60225
3018,7,0,2.084,1.60225
3019,7,0,2.084,1.60225
3020,7,0,2.084,1.60225
3021,7,0,2.084,1.60225
3022,7,0,2.088,1.61079
3023,7,0,2.088,1.61079
3024,7,0,2.088,1.61079
3025,7,0,2.088,1.61079
3026,7,0,2.092,1.6143
3027,7,0,2.096,1.61282
3028,7,0,2.1,1.61133
3029,7,0,2.1,1.61133
3030,7,0,2.1,1.61133
3031,7,0,2.1,1.61133
3032,7,0,2.1,1.61133
3033,7,0,2.104,1.61481
3034,7,0,2.104,1.61481
3035,7,0,2.104,1.61481
3036,7,0,2.104,1.61481
3037,7,0,2.108,1.6133
3038,7,0,2.112,1.61427
3039,7,0,2.116,1.61772
3040,7,0,2.12,1.62362
3041,7,0,2.124,1.63195
3042,7,0,2.124,1.63195
3043,7,0,2.124,1.63195
3044,7,0,2.124,1.63195
3045,7,0,2.124,1.63195
3046,7,0,2.124,1.63195
3047,7,0,2.124,1.63195
3048,7,0,2.124,1.63195
3049,7,0,2.128,1.63533
3050,7,0,2.128,1.63533
3051,7,0,2.128,1.63533
3052,7,0,2.132,1.64114
3053,7,0,2.136,1.64204
3054,7,0,2.14,1.64048
3055,7,0,2.14,1.64048
3056,7,0,2.14,1.64048
3057,7,0,2.14,1.64048
3058,7,0,2.14,1.64048
3059,7,0,2.14,1.64048
3060,7,0,2.14,1.64048
3061,7,0,2.144,1.6389
3062,7,0,2.148,1.63977
3063,7,0,2.152,1.64796
3064,7,0,2.156,1.65851
3065,7,0,2.16,1.66659
3066,7,0,2.16,1.66659
3067,7,0,2.16,1.66659
3068,7,0,2.16,1.66659
3069,7,0,2.16,1.66659
3070,7,0,2.16,1.66659
3071,7,0,2.164,1.6674
3072,7,0,2.164,1.6674
3073,7,0,2.164,1.6674
3074,7,0,2.168,1.6682
3075,7,0,2.168,1.6682
3076,7,0,2.168,1.6682
3077,7,0,2.168,1.6682
3078,7,0,2.168,1.6682
3079,7,0,2.168,1.6682
3080,7,0,2.168,1.6682
3081,7,0,2.168,1.6682
3082,7,0,2.168,1.6682
3083,7,0,2.168,1.6682
3084,7,0,2.168,1.6682
3085,7,0,2.168,1.6682
3086,7,0,2.168,1.6682
3087,7,0,2.168,1.6682
3088,7,0,2.168,1.6682
3089,7,0,2.168,1.6682
3090,7,0,2.168,1.6682
3091,7,0,2.168,1.6682
3092,7,0,2.168,1.6682
3093,7,0,2.168,1.6682
3094,7,0,2.168,1.6682
3095,7,0,2.168,1.6682
3096,7,0,2.172,1.66659
3097,7,0,2.172,1.66659
3098,7,0,2.172,1.66659
3099,7,0,2.172,1.66659
3100,7,0,2.172,1.66659
3101,7,0,2.172,1.66659
3102,7,0,2.176,1.66978
3103,7,0,2.18,1.68015
3104,7,0,2.184,1.68568
3105,7,0,2.188,1.69355
3106,7,0,2.192,1.69429
3107,7,0,2.192,1.69429
3108,7,0,2.192,1.69429
3109,7,0,2.192,1.69429
3110,7,0,2.192,1.69429
3111,7,0,2.192,1.69429
3112,7,0,2.192,1.69429
3113,7,0,2.192,1.69429
3114,7,0,2.192,1.69429
3115,7,0,2.196,1.69738
3116,7,0,2.196,1.69738
3117,7,0,2.196,1.69738
3118,7,0,2.196,1.69738
3119,7,0,2.196,1.69738
3120,7,0,2.196,1.69738
3121,7,0,2.196,1.69738
3122,7,0,2.196,1.69738
3123,7,0,2.196,1.69738
3124,7,0,2.196,1.69738
3125,7,0,2.196,1.69738
3126,7,0,2.196,1.69738
3127,7,0,2.196,1.69738
3128,7,0,2.196,1.69738
3129,7,0,2.196,1.69738
3130,7,0,2.196,1.69738
3131,7,0,2.196,1.69738
3132,7,0,2.196,1.69738
3133,7,0,2.196,1.69738
3134,7,0,2.196,1.69738
3135,7,0,2.196,1.69738
3136,7,0,2.196,1.69738
3137,7,0,2.196,1.69738
3138,7,0,2.196,1.69738
3139,7,0,2.196,1.69738
3140,7,0,2.196,1.69738
3141,7,0,2.2,1.69573
3142,7,0,2.2,1.69573
3143,7,0,2.2,1.69573
3144,7,0,2.2,1.69573
3145,7,0,2.2,1.69573
3146,7,0,2.2,1.69573
3147,7,0,2.2,1.69573
3148,7,0,2.2,1.69573
3149,7,0,2.2,1.69573
3150,7,0,2.2,1.69573
3151,7,0,2.2,1.69573
3152,7,0,2.2,1.69573
3153,7,0,2.2,1.69573
3154,7,0,2.2,1.69573
3155,7,0,2.2,1.69573
3156,7,0,2.2,1.69573
3157,7,0,2.2,1.69573
3158,7,0,2.2,1.69573
3159,7,0,2.2,1.69573
3160,7,0,2.2,1.69573
3161,7,0,2.204,1.6988
3162,7,0,2.204,1.6988
3163,7,0,2.204,1.6988
3164,7,0,2.204,1.6988
3165,7,0,2.204,1.6988
3166,7,0,2.208,1.69476
3167,7,0,2.208,1.69476
3168,7,0,2.208,1.69476
3169,7,0,2.208,1.69476
3170,7,0,2.208,1.69476
3171,7,0,2.208,1.69476
3172,7,0,2.208,1.69476
3173,7,0,2.208,1.69476
3174,7,0,2.208,1.69476
3175,7,0,2.208,1.69476
3176,7,0,2.208,1.69476
3177,7,0,2.208,1.69476
3178,7,0,2.208,1.69476
3179,7,0,2.208,1.69476
3180,7,0,2.208,1.69476
3181,7,0,2.212,1.69782
3182,7,0,2.212,1.69782
3183,7,0,2.212,1.69782
3184,7,0,2.216,1.70086
3185,7,0,2.22,1.70152
3186,7,0,2.224,1.70454
3187,7,0,2.228,1.70518
3188,7,0,2.232,1.70817
3189,7,0,2.232,1.70817
3190,7,0,2.236,1.71114
3191,7,0,2.236,1.71114
3192,7,0,2.236,1.71114
3193,7,0,2.236,1.71114
3194,7,0,2.236,1.71114
3195,7,0,2.24,1.70706
3196,7,0,2.24,1.70706
3197,7,0,2.24,1.70706
3198,7,0,2.24,1.70706
3199,7,0,2.24,1.70706
3200,7,0,2.24,1.70706
3201,7,0,2.24,1.70706
3202,7,0,2.24,1.70706
3203,7,0,2.24,1.70706
3204,7,0,2.24,1.70706
3205,7,0,2.24,1.70706
3206,7,0,2.244,1.71002
3207,7,0,2.244,1.71002
3208,7,0,2.244,1.71002
3209,7,0,2.244,1.71002
3210,7,0,2.244,1.71002
3211,7,0,2.244,1.71002
3212,7,0,2.244,1.71002
3213,7,0,2.244,1.71002
3214,7,0,2.248,1.71061
3215,7,0,2.248,1.71061
3216,7,0,2.248,1.71061
3217,7,0,2.252,1.7065
3218,7,0,2.256,1.70237
3219,7,0,2.26,1.70058
3220,7,0,2.26,1.70058
3221,7,0,2.26,1.70058
3222,7,0,2.26,1.70058
3223,7,0,2.26,1.70058
3224,7,0,2.26,1.70058
3225,7,0,2.26,1.70058
3226,7,0,2.26,1.70058
3227,7,0,2.26,1.70058
3228,7,0,2.26,1.70058
3229,7,0,2.26,1.70058
3230,7,0,2.26,1.70058
3231,7,0,2.26,1.70058
3232,7,0,2.26,1.70058
3233,7,0,2.26,1.70058
3234,7,0,2.26,1.70058
3235,7,0,2.26,1.70058
3236,7,0,2.26,1.70058
3237,7,0,2.26,1.70058
3238,7,0,2.264,1.69878
3239,7,0,2.264,1.69878
3240,7,0,2.264,1.69878
3241,7,0,2.264,1.69878
3242,7,0,2.264,1.69878
3243,7,0,2.264,1.69878
3244,7,0,2.264,1.69878
3245,7,0,2.264,1.69878
3246,7,0,2.264,1.69878
3247,7,0,2.264,1.69878
3248,7,0,2.264,1.69878
3249,7,0,2.264,1.69878
3250,7,0,2.268,1.6946
3251,7,0,2.268,1.6946
3252,7,0,2.268,1.6946
3253,7,0,2.268,1.6946
3254,7,0,2.268,1.6946
3255,7,0,2.268,1.6946
3256,7,0,2.268,1.6946
3257,7,0,2.268,1.6946
3258,7,0,2.268,1.6946
3259,7,0,2.268,1.6946
3260,7,0,2.268,1.6946
3261,7,0,2.268,1.6946
3262,7,0,2.268,1.6946
3263,7,0,2.268,1.6946
3264,7,0,2.268,1.6946
3265,7,0,2.272,1.69277
3266,7,0,2.272,1.69277
3267,7,0,2.272,1.69277
3268,7,0,2.272,1.69277
3269,7,0,2.272,1.69277
3270,7,0,2.272,1.69277
3271,7,0,2.272,1.69277
3272,7,0,2.272,1.69277
3273,7,0,2.272,1.69277
3274,7,0,2.272,1.69277
3275,7,0,2.272,1.69277
3276,7,0,2.272,1.69277
3277,7,0,2.272,1.69277
3278,7,0,2.272,1.69277
3279,7,0,2.272,1.69277
3280,7,0,2.272,1.69277
3281,7,0,2.272,1.69277
3282,7,0,2.272,1.69277
3283,7,0,2.272,1.69277
3284,7,0,2.272,1.69277
3285,7,0,2.272,1.69277
3286,7,0,2.272,1.69277
3287,7,0,2.272,1.69277
3288,7,0,2.272,1.69277
3289,7,0,2.272,1.69277
3290,7,0,2.272,1.69277
3291,7,0,2.272,1.69277
3292,7,0,2.272,1.69277
3293,7,0,2.276,1.69331
3294,7,0,2.276,1.69331
3295,7,0,2.276,1.69331
3296,7,0,2.276,1.69331
3297,7,0,2.28,1.69383
3298,7,0,2.28,1.69383
3299,7,0,2.28,1.69383
3300,7,0,2.28,1.69383
3301,7,0,2.28,1.69383
3302,7,0,2.28,1.69383
3303,7,0,2.28,1.69383
3304,7,0,2.28,1.69383
3305,7,0,2.28,1.69383
3306,7,0,2.28,1.69383
3307,7,0,2.28,1.69383
3308,7,0,2.28,1.69383
3309,7,0,2.28,1.69383
3310,7,0,2.28,1.69383
3311,7,0,2.28,1.69383
3312,7,0,2.284,1.69198
3313,7,0,2.288,1.69723
3314,7,0,2.292,1.70481
3315,7,0,2.292,1.70481
3316,7,0,2.292,1.70481
3317,7,0,2.292,1.70481
3318,7,0,2.292,1.70481
3319,7,0,2.292,1.70481
3320,7,0,2.296,1.70529
3321,7,0,2.3,1.70812
3322,7,0,2.3,1.70812
3323,7,0,2.3,1.70812
3324,7,0,2.3,1.70812
3325,7,0,2.304,1.71328
3326,7,0,2.308,1.72308
3327,8,0,2.312,1.73514
3328,8,0,2.312,1.73514
3329,8,0,2.312,1.73514
3330,8,0,2.316,1.73557
3331,8,0,2.32,1.74291
3332,8,0,2.32,1.74291
3333,8,0,2.32,1.74291
3334,8,0,2.324,1.74793
3335,8,0,2.328,1.74603
3336,8,0,2.332,1.74642
3337,8,0,2.332,1.74642
3338,8,0,2.332,1.74642
3339,8,0,2.332,1.74642
3340,8,0,2.332,1.74642
3341,8,0,2.332,1.74642
3342,8,0,2.332,1.74642
3343,8,0,2.332,1.74642
3344,8,0,2.332,1.74642
3345,8,0,2.336,1.75368
3346,8,0,2.336,1.75368
3347,8,0,2.34,1.75634
3348,8,0,2.344,1.76127
3349,8,0,2.348,1.76845
3350,8,0,2.348,1.76845
3351,8,0,2.348,1.76845
3352,8,0,2.348,1.76845
3353,8,0,2.348,1.76845
3354,8,0,2.348,1.76845
3355,8,0,2.348,1.76845
3356,8,0,2.348,1.76845
3357,8,0,2.348,1.76845
3358,8,0,2.348,1.76845
3359,8,0,2.348,1.76845
3360,8,0,2.348,1.76845
3361,8,0,2.352,1.76879
3362,8,0,2.356,1.76685
3363,8,0,2.36,1.76717
3364,8,0,2.364,1.76521
3365,8,0,2.364,1.76521
3366,8,0,2.364,1.76521
3367,8,0,2.368,1.76779
3368,8,0,2.368,1.76779
3369,8,0,2.368,1.76779
3370,8,0,2.368,1.76779
3371,8,0,2.368,1.76779
3372,8,0,2.368,1.76779
3373,8,0,2.368,1.76779
3374,8,0,2.368,1.76779
3375,8,0,2.368,1.76779
3376,8,0,2.368,1.76779
3377,8,0,2.372,1.77489
3378,8,0,2.376,1.77517
3379,8,0,2.376,1.77517
3380,8,0,2.38,1.77771
3381,8,0,2.38,1.77771
3382,8,0,2.38,1.77771
3383,8,0,2.38,1.77771
3384,8,0,2.38,1.77771
3385,8,0,2.38,1.77771
3386,8,0,2.38,1.77771
3387,8,0,2.38,1.77771
3388,8,0,2.38,1.77771
3389,8,0,2.384,1.77345
3390,8,0,2.384,1.77345
3391,8,0,2.388,1.77597
3392,8,0,2.392,1.78524
3393,8,0,2.396,1.79669
3394,8,0,2.396,1.79669
3395,8,0,2.396,1.79669
3396,8,0,2.396,1.79669
3397,8,0,2.396,1.79669
3398,8,0,2.4,1.79468
3399,8,0,2.4,1.79468
3400,8,0,2.4,1.79468
3401,8,0,2.4,1.79468
3402,8,0,2.4,1.79468
3403,8,0,2.4,1.79468
3404,8,0,2.4,1.79468
3405,8,0,2.4,1.79468
3406,8,0,2.4,1.79468
3407,8,0,2.4,1.79468
3408,8,0,2.4,1.79468
3409,8,0,2.4,1.79468
3410,8,0,2.404,1.79042
3411,8,0,2.404,1.79042
3412,8,0,2.408,1.78839
3413,8,0,2.408,1.78839
3414,8,0,2.408,1.78839
3415,8,0,2.408,1.78839
3416,8,0,2.408,1.78839
3417,8,0,2.408,1.78839
3418,8,0,2.408,1.78839
3419,8,0,2.408,1.78839
3420,8,0,2.408,1.78839
3421,8,0,2.408,1.78839
3422,8,0,2.408,1.78839
3423,8,0,2.408,1.78839
3424,8,0,2.408,1.78839
3425,8,0,2.408,1.78839
3426,8,0,2.408,1.78839
3427,8,0,2.408,1.78839
3428,8,0,2.412,1.79083
3429,8,0,2.412,1.79083
3430,8,0,2.412,1.79083
3431,8,0,2.416,1.79103
3432,8,0,2.416,1.79103
3433,8,0,2.416,1.79103
3434,8,0,2.416,1.79103
3435,8,0,2.416,1.79103
3436,8,0,2.416,1.79103
3437,8,0,2.416,1.79103
3438,8,0,2.416,1.79103
3439,8,0,2.416,1.79103
3440,8,0,2.416,1.79103
3441,8,0,2.416,1.79103
3442,8,0,2.416,1.79103
3443,8,0,2.416,1.79103
3444,8,0,2.416,1.79103
3445,8,0,2.416,1.79103
3446,8,0,2.416,1.79103
3447,8,0,2.416,1.79103
3448,8,0,2.416,1.79103
3449,8,0,2.416,1.79103
3450,8,0,2.416,1.79103
3451,8,0,2.416,1.79103
3452,8,0,2.416,1.79103
3453,8,0,2.42,1.79121
3454,8,0,2.424,1.80256
3455,8,0,2.424,1.80256
3456,8,0,2.424,1.80256
3457,8,0,2.424,1.80256
3458,8,0,2.424,1.80256
3459,8,0,2.428,1.80717
3460,8,0,2.432,1.81398
3461,8,0,2.436,1.82296
3462,8,0,2.436,1.82296
3463,8,0,2.436,1.82296
3464,8,0,2.436,1.82296
3465,8,0,2.436,1.82296
3466,8,0,2.436,1.82296
3467,8,0,2.436,1.82296
3468,8,0,2.436,1.82296
3469,8,0,2.436,1.82296
3470,8,0,2.436,1.82296
3471,8,0,2.44,1.8209
3472,8,0,2.44,1.8209
3473,8,0,2.444,1.82102
3474,8,0,2.448,1.82335
3475,8,0,2.452,1.82346
3476,8,0,2.452,1.82346
3477,8,0,2.452,1.82346
3478,8,0,2.456,1.83454
3479,8,0,2.456,1.83454
3480,8,0,2.456,1.83454
3481,8,0,2.456,1.83454
3482,8,0,2.456,1.83454
3483,8,0,2.456,1.83454
3484,8,0,2.456,1.83454
3485,8,0,2.456,1.83454
3486,8,0,2.456,1.83454
3487,8,0,2.456,1.83454
3488,8,0,2.456,1.83454
3489,8,0,2.456,1.83454
3490,8,0,2.46,1.83463
5.58,4.42015
3420,27,0,5.584,4.41553
3421,27,0,5.588,4.41182
3422,27,0,5.592,4.42446
3423,27,0,5.596,4.43797
3424,27,0,5.6,4.43426
3425,27,0,5.604,4.44863
3426,27,0,5.608,4.46386
3427,27,0,5.608,4.46386
3428,27,0,5.608,4.46386
3429,27,0,5.608,4.46386
3430,27,0,5.608,4.46386
3431,27,0,5.608,4.46386
3432,27,0,5.612,4.46466
3433,27,0,5.616,4.46276
3434,27,0,5.62,4.46175
3435,27,0,5.62,4.46175
3436,27,0,5.624,4.46164
3437,27,0,5.628,4.47681
3438,27,0,5.632,4.49281
3439,27,0,5.632,4.49281
3440,27,0,5.632,4.49281
3441,27,0,5.636,4.48911
3442,27,0,5.64,4.4863
3443,27,0,5.644,4.48528
3444,27,0,5.648,4.48515
3445,27,0,5.652,4.48591
3446,27,0,5.656,4.48756
3447,27,0,5.656,4.48756
3448,27,0,5.656,4.48756
3449,27,0,5.656,4.48756
3450,27,0,5.656,4.48756
3451,27,0,5.656,4.48756
3452,27,0,5.656,4.48756
3453,27,0,5.656,4.48756
3454,27,0,5.656,4.48756
3455,27,0,5.656,4.48756
3456,27,0,5.656,4.48756
3457,27,0,5.656,4.48756
3458,27,0,5.66,4.49368
3459,27,0,5.66,4.49368
3460,27,0,5.66,4.49368
3461,27,0,5.66,4.49368
3462,27,0,5.664,4.49532
3463,27,0,5.668,4.49607
3464,27,0,5.672,4.4977
3465,27,0,5.676,4.51003
3466,27,0,5.68,4.52321
3467,27,0,5.684,4.5195
3468,27,0,5.688,4.51666
3469,27,0,5.692,4.5165
3470,27,0,5.696,4.51721
3471,27,0,5.696,4.51721
3472,27,0,5.7,4.51704
3473,27,0,5.7,4.51704
3474,27,0,5.7,4.51704
3475,27,0,5.7,4.51704
3476,27,0,5.7,4.51704
3477,27,0,5.7,4.51704
3478,27,0,5.7,4.51704
3479,27,0,5.7,4.51704
3480,27,0,5.7,4.51704
3481,27,0,5.704,4.52308
3482,27,0,5.708,4.52467
3483,27,0,5.712,4.52714
3484,27,0,5.716,4.5305
3485,27,0,5.72,4.53474
3486,27,0,5.72,4.53474
3487,27,0,5.724,4.53277
3488,27,0,5.724,4.53277
3489,27,0,5.724,4.53277
3490,27,0,5.724,4.53277
